process_id,case_id,replay_fitness,alignments_fitness,variants,actions,is_replay_fit,is_alignment_fit
36690562,1,1.0,1.0,2,5,True,True
36690562,2,1.0,1.0,2,5,True,True
36690562,3,1.0,1.0,2,5,True,True
36690562,4,1.0,1.0,2,5,True,True
27258164,1,1.0,1.0,2,4,True,True
27258164,2,1.0,1.0,2,4,True,True
27258164,3,1.0,1.0,2,4,True,True
13018270,1,1.0,1.0,2,3,True,True
13018270,2,1.0,1.0,2,3,True,True
13018270,3,1.0,1.0,2,3,True,True
15414201,1,0.8571428571428572,0.75,4,4,False,False
15414201,2,0.8571428571428572,0.75,4,4,False,False
15414201,3,0.8571428571428572,0.75,4,4,False,False
15414201,4,0.8571428571428572,0.75,4,4,False,False
31664374,1,1.0,1.0,2,3,True,True
31664374,2,1.0,1.0,2,3,True,True
31664374,3,1.0,1.0,2,3,True,True
31664374,4,1.0,1.0,2,3,True,True
11307128,1,1.0,1.0,2,3,True,True
11307128,2,1.0,1.0,2,3,True,True
11307128,3,1.0,1.0,2,3,True,True
16333963,1,1.0,1.0,2,4,True,True
16333963,2,1.0,1.0,2,4,True,True
16333963,3,1.0,1.0,2,4,True,True
16333963,4,1.0,1.0,2,4,True,True
30160324,1,1.0,1.0,2,3,True,True
30160324,2,1.0,1.0,2,3,True,True
30160324,3,1.0,1.0,2,3,True,True
76244107,1,1.0,1.0,3,4,True,True
76244107,2,1.0,1.0,3,4,True,True
76244107,3,1.0,1.0,3,4,True,True
76244107,4,1.0,1.0,3,4,True,True
29216690,1,1.0,1.0,2,3,True,True
29216690,2,1.0,1.0,2,3,True,True
29216690,3,1.0,1.0,2,3,True,True
29216690,4,1.0,1.0,2,3,True,True
79560754,1,1.0,1.0,4,4,True,True
79560754,2,0.8571428571428572,0.75,4,4,False,False
79560754,3,1.0,1.0,4,4,True,True
79560754,4,0.7142857142857143,0.75,4,4,False,False
70467871,1,1.0,1.0,2,3,True,True
70467871,2,1.0,1.0,2,3,True,True
70467871,3,1.0,1.0,2,3,True,True
11545630,1,1.0,1.0,3,4,True,True
11545630,2,1.0,1.0,3,4,True,True
11545630,3,1.0,1.0,3,4,True,True
11545630,4,1.0,1.0,3,4,True,True
11545630,5,1.0,1.0,3,4,True,True
17603966,1,1.0,1.0,3,4,True,True
17603966,2,1.0,1.0,3,4,True,True
17603966,3,1.0,1.0,3,4,True,True
17603966,4,1.0,1.0,3,4,True,True
17603966,5,1.0,1.0,3,4,True,True
26579656,1,1.0,1.0,3,4,True,True
26579656,2,1.0,1.0,3,4,True,True
26579656,3,0.8571428571428572,0.75,3,4,False,False
26579656,4,1.0,1.0,3,4,True,True
58963254,1,1.0,1.0,2,7,True,True
58963254,2,1.0,1.0,2,7,True,True
58963254,3,0.875,0.8571428571428572,2,7,False,False
58963254,4,1.0,1.0,2,7,True,True
58963254,5,0.875,0.8571428571428572,2,7,False,False
13921012,1,1.0,1.0,2,3,True,True
13921012,2,1.0,1.0,2,3,True,True
13921012,3,1.0,1.0,2,3,True,True
13921012,4,1.0,1.0,2,3,True,True
21983458,1,0.8571428571428572,0.75,4,4,False,False
21983458,2,0.8571428571428572,0.75,4,4,False,False
21983458,3,0.8571428571428572,0.75,4,4,False,False
21983458,4,0.8571428571428572,0.75,4,4,False,False
10863709,1,1.0,1.0,1,5,True,True
10863709,2,1.0,1.0,1,5,True,True
10863709,3,1.0,1.0,1,5,True,True
10863709,4,1.0,1.0,1,5,True,True
10863709,5,1.0,1.0,1,5,True,True
10863709,6,1.0,1.0,1,5,True,True
10863709,7,1.0,1.0,1,5,True,True
82794359,1,1.0,1.0,3,4,True,True
82794359,2,1.0,1.0,3,4,True,True
82794359,3,0.8571428571428572,0.75,3,4,False,False
61036052,1,1.0,1.0,4,4,True,True
61036052,2,1.0,1.0,4,4,True,True
61036052,3,0.8571428571428572,0.75,4,4,False,False
61036052,4,1.0,1.0,4,4,True,True
61036052,5,1.0,1.0,4,4,True,True
16490659,1,0.8571428571428572,0.75,4,4,False,False
16490659,2,0.8571428571428572,0.75,4,4,False,False
16490659,3,0.8571428571428572,0.75,4,4,False,False
16490659,4,0.8571428571428572,0.75,4,4,False,False
16490659,5,0.8571428571428572,0.75,4,4,False,False
18591337,1,1.0,1.0,2,3,True,True
18591337,2,1.0,1.0,2,3,True,True
18591337,3,1.0,1.0,2,3,True,True
18591337,4,1.0,1.0,2,3,True,True
16243108,1,0.7,0.7142857142857143,4,6,False,False
16243108,2,0.7,0.7142857142857143,4,6,False,False
16243108,3,0.7,0.7142857142857143,4,6,False,False
16243108,4,0.7,0.7142857142857143,4,6,False,False
16243108,5,0.7,0.7142857142857143,4,6,False,False
62966459,1,1.0,1.0,1,4,True,True
62966459,2,1.0,1.0,1,4,True,True
62966459,3,1.0,1.0,1,4,True,True
62966459,4,1.0,1.0,1,4,True,True
62966459,5,1.0,1.0,1,4,True,True
30674665,1,1.0,1.0,3,3,True,True
30674665,2,1.0,1.0,3,3,True,True
30674665,3,1.0,1.0,3,3,True,True
30674665,4,1.0,1.0,3,3,True,True
13251330,1,1.0,1.0,2,3,True,True
13251330,2,1.0,1.0,2,3,True,True
13251330,3,1.0,1.0,2,3,True,True
13543080,1,1.0,1.0,4,4,True,True
13543080,2,0.8571428571428572,0.75,4,4,False,False
13543080,3,1.0,1.0,4,4,True,True
13543080,4,0.8571428571428572,0.75,4,4,False,False
23190139,1,1.0,1.0,3,3,True,True
23190139,2,1.0,1.0,3,3,True,True
23190139,3,1.0,1.0,3,3,True,True
25671101,1,1.0,1.0,4,4,True,True
25671101,2,1.0,1.0,4,4,True,True
25671101,3,0.8571428571428572,0.75,4,4,False,False
25671101,4,1.0,1.0,4,4,True,True
33439445,1,1.0,1.0,3,3,True,True
33439445,2,1.0,1.0,3,3,True,True
33439445,3,1.0,1.0,3,3,True,True
33439445,4,1.0,1.0,3,3,True,True
26380110,1,1.0,1.0,2,4,True,True
26380110,2,1.0,1.0,2,4,True,True
26380110,3,1.0,1.0,2,4,True,True
33359257,1,1.0,1.0,4,4,True,True
33359257,2,1.0,1.0,4,4,True,True
33359257,3,0.875,0.75,4,4,False,False
33359257,4,1.0,1.0,4,4,True,True
89932753,1,0.8571428571428572,0.75,4,4,False,False
89932753,2,0.8571428571428572,0.75,4,4,False,False
89932753,3,0.8571428571428572,0.75,4,4,False,False
89932753,4,0.8571428571428572,0.75,4,4,False,False
28140414,1,1.0,1.0,4,4,True,True
28140414,2,1.0,1.0,4,4,True,True
28140414,3,0.8571428571428572,0.75,4,4,False,False
28140414,4,0.7142857142857143,0.75,4,4,False,False
30759172,1,1.0,1.0,2,4,True,True
30759172,2,1.0,1.0,2,4,True,True
30759172,3,1.0,1.0,2,4,True,True
30759172,4,1.0,1.0,2,4,True,True
23097348,1,1.0,1.0,3,4,True,True
23097348,2,1.0,1.0,3,4,True,True
23097348,3,0.8571428571428572,0.75,3,4,False,False
23097348,4,1.0,1.0,3,4,True,True
29327419,1,1.0,1.0,5,4,True,True
29327419,2,1.0,1.0,5,4,True,True
29327419,3,1.0,1.0,5,4,True,True
29327419,4,1.0,1.0,5,4,True,True
29327419,5,1.0,1.0,5,4,True,True
13587508,1,1.0,1.0,2,4,True,True
13587508,2,0.8571428571428572,0.75,2,4,False,False
13587508,3,1.0,1.0,2,4,True,True
13587508,4,0.8571428571428572,0.75,2,4,False,False
91590573,1,1.0,1.0,4,5,True,True
91590573,2,0.875,0.8,4,5,False,False
91590573,3,1.0,1.0,4,5,True,True
91590573,4,0.875,0.8,4,5,False,False
16283641,1,1.0,1.0,2,3,True,True
16283641,2,1.0,1.0,2,3,True,True
16283641,3,1.0,1.0,2,3,True,True
16283641,4,1.0,1.0,2,3,True,True
21790319,1,1.0,1.0,1,3,True,True
21790319,2,1.0,1.0,1,3,True,True
21790319,3,1.0,1.0,1,3,True,True
21790319,4,1.0,1.0,1,3,True,True
21790319,5,1.0,1.0,1,3,True,True
30848933,1,1.0,1.0,2,3,True,True
30848933,2,1.0,1.0,2,3,True,True
30848933,3,1.0,1.0,2,3,True,True
30848933,4,1.0,1.0,2,3,True,True
69499607,1,1.0,1.0,1,5,True,True
69499607,2,1.0,1.0,1,5,True,True
69499607,3,1.0,1.0,1,5,True,True
69499607,4,1.0,1.0,1,5,True,True
69499607,5,1.0,1.0,1,5,True,True
69499607,6,1.0,1.0,1,5,True,True
69499607,7,1.0,1.0,1,5,True,True
11576405,1,0.8571428571428572,0.75,3,4,False,False
11576405,2,1.0,1.0,3,4,True,True
11576405,3,1.0,1.0,3,4,True,True
11576405,4,1.0,1.0,3,4,True,True
14392782,1,1.0,1.0,1,3,True,True
14392782,2,1.0,1.0,1,3,True,True
16980316,1,1.0,1.0,3,3,True,True
16980316,2,1.0,1.0,3,3,True,True
16980316,3,1.0,1.0,3,3,True,True
29345727,1,1.0,1.0,4,3,True,True
29345727,2,1.0,1.0,4,3,True,True
29345727,3,0.8333333333333334,0.6666666666666667,4,3,False,False
29345727,4,0.8333333333333334,0.6666666666666667,4,3,False,False
26305900,1,1.0,1.0,2,4,True,True
26305900,2,1.0,1.0,2,4,True,True
26305900,3,1.0,1.0,2,4,True,True
26305900,4,1.0,1.0,2,4,True,True
26739474,1,1.0,1.0,4,4,True,True
26739474,2,1.0,1.0,4,4,True,True
26739474,3,0.875,0.75,4,4,False,False
26739474,4,1.0,1.0,4,4,True,True
28638698,1,1.0,1.0,2,3,True,True
28638698,2,1.0,1.0,2,3,True,True
28638698,3,1.0,1.0,2,3,True,True
27485626,1,1.0,1.0,4,3,True,True
27485626,2,1.0,1.0,4,3,True,True
27485626,3,0.8333333333333334,0.6666666666666667,4,3,False,False
27485626,4,0.8333333333333334,0.6666666666666667,4,3,False,False
21794459,1,1.0,1.0,2,4,True,True
21794459,2,1.0,1.0,2,4,True,True
21794459,3,1.0,1.0,2,4,True,True
21794459,4,1.0,1.0,2,4,True,True
21433404,1,1.0,1.0,2,4,True,True
21433404,2,1.0,1.0,2,4,True,True
21433404,3,1.0,1.0,2,4,True,True
17604395,1,1.0,1.0,4,4,True,True
17604395,2,1.0,1.0,4,4,True,True
17604395,3,0.8571428571428572,0.75,4,4,False,False
17604395,4,0.7142857142857143,0.75,4,4,False,False
17308325,1,1.0,1.0,2,3,True,True
17308325,2,1.0,1.0,2,3,True,True
17308325,3,1.0,1.0,2,3,True,True
17308325,4,1.0,1.0,2,3,True,True
31847149,1,1.0,1.0,4,4,True,True
31847149,2,1.0,1.0,4,4,True,True
31847149,3,1.0,1.0,4,4,True,True
31847149,4,1.0,1.0,4,4,True,True
19574598,1,0.9090909090909091,0.875,4,8,False,False
19574598,2,0.8181818181818181,0.75,4,8,False,False
19574598,3,0.9090909090909091,0.875,4,8,False,False
19574598,4,0.9090909090909091,0.875,4,8,False,False
20681073,1,1.0,1.0,2,3,True,True
20681073,2,1.0,1.0,2,3,True,True
20681073,3,1.0,1.0,2,3,True,True
20681073,4,1.0,1.0,2,3,True,True
67337974,1,1.0,1.0,3,4,True,True
67337974,2,1.0,1.0,3,4,True,True
67337974,3,1.0,1.0,3,4,True,True
67337974,4,1.0,1.0,3,4,True,True
24276856,1,1.0,1.0,3,4,True,True
24276856,2,1.0,1.0,3,4,True,True
24276856,3,1.0,1.0,3,4,True,True
24276856,4,1.0,1.0,3,4,True,True
77117864,1,1.0,1.0,1,4,True,True
77117864,2,1.0,1.0,1,4,True,True
77117864,3,1.0,1.0,1,4,True,True
77117864,4,1.0,1.0,1,4,True,True
77117864,5,1.0,1.0,1,4,True,True
30066404,1,1.0,1.0,3,4,True,True
30066404,2,1.0,1.0,3,4,True,True
30066404,3,1.0,1.0,3,4,True,True
33534363,1,1.0,1.0,2,4,True,True
33534363,2,1.0,1.0,2,4,True,True
33534363,3,1.0,1.0,2,4,True,True
33534363,4,1.0,1.0,2,4,True,True
23228967,1,1.0,1.0,2,4,True,True
23228967,2,1.0,1.0,2,4,True,True
23228967,3,1.0,1.0,2,4,True,True
23228967,4,1.0,1.0,2,4,True,True
15284557,1,1.0,1.0,2,3,True,True
15284557,2,1.0,1.0,2,3,True,True
15284557,3,1.0,1.0,2,3,True,True
15284557,4,1.0,1.0,2,3,True,True
22976614,1,0.8571428571428572,0.75,1,4,False,False
22976614,2,0.8571428571428572,0.75,1,4,False,False
23155749,1,0.9,0.8571428571428572,3,7,False,False
23155749,2,0.9,0.8571428571428572,3,7,False,False
23155749,3,1.0,1.0,3,7,True,True
23155749,4,1.0,1.0,3,7,True,True
19318543,1,1.0,1.0,2,3,True,True
19318543,2,1.0,1.0,2,3,True,True
19318543,3,1.0,1.0,2,3,True,True
19318543,4,1.0,1.0,2,3,True,True
84887300,1,1.0,1.0,2,3,True,True
84887300,2,1.0,1.0,2,3,True,True
84887300,3,1.0,1.0,2,3,True,True
84887300,4,1.0,1.0,2,3,True,True
84887300,5,1.0,1.0,2,3,True,True
22328789,1,0.8571428571428572,0.75,2,4,False,False
22328789,2,0.8571428571428572,0.75,2,4,False,False
22328789,3,0.8571428571428572,0.75,2,4,False,False
22328789,4,0.8571428571428572,0.75,2,4,False,False
18169831,1,1.0,1.0,4,4,True,True
18169831,2,1.0,1.0,4,4,True,True
18169831,3,0.8571428571428572,0.75,4,4,False,False
18169831,4,1.0,1.0,4,4,True,True
14394517,1,1.0,1.0,1,3,True,True
14394517,2,1.0,1.0,1,3,True,True
14394517,3,1.0,1.0,1,3,True,True
14394517,4,1.0,1.0,1,3,True,True
14394517,5,1.0,1.0,1,3,True,True
14394517,6,1.0,1.0,1,3,True,True
14394517,7,1.0,1.0,1,3,True,True
14394517,8,1.0,1.0,1,3,True,True
14394517,9,1.0,1.0,1,3,True,True
12347598,1,1.0,1.0,1,3,True,True
12347598,2,1.0,1.0,1,3,True,True
12347598,3,1.0,1.0,1,3,True,True
12347598,4,1.0,1.0,1,3,True,True
12347598,5,1.0,1.0,1,3,True,True
17047996,1,0.8571428571428572,0.75,2,4,False,False
17047996,2,0.8571428571428572,0.75,2,4,False,False
17047996,3,0.8571428571428572,0.75,2,4,False,False
17047996,4,0.8571428571428572,0.75,2,4,False,False
20897254,1,1.0,1.0,2,4,True,True
20897254,2,1.0,1.0,2,4,True,True
20897254,3,1.0,1.0,2,4,True,True
11848227,1,1.0,1.0,1,3,True,True
11848227,2,1.0,1.0,1,3,True,True
11848227,3,1.0,1.0,1,3,True,True
11848227,4,1.0,1.0,1,3,True,True
11848227,5,1.0,1.0,1,3,True,True
11848227,6,1.0,1.0,1,3,True,True
11848227,7,1.0,1.0,1,3,True,True
11848227,8,1.0,1.0,1,3,True,True
11848227,9,1.0,1.0,1,3,True,True
12527002,1,1.0,1.0,4,4,True,True
12527002,2,1.0,1.0,4,4,True,True
12527002,3,1.0,1.0,4,4,True,True
12527002,4,0.8571428571428572,0.75,4,4,False,False
13787129,1,1.0,1.0,4,4,True,True
13787129,2,0.8571428571428572,0.75,4,4,False,False
13787129,3,1.0,1.0,4,4,True,True
13787129,4,0.8571428571428572,0.75,4,4,False,False
24782437,1,0.8571428571428572,0.75,4,4,False,False
24782437,2,1.0,1.0,4,4,True,True
24782437,3,1.0,1.0,4,4,True,True
24782437,4,1.0,1.0,4,4,True,True
26959395,1,1.0,1.0,3,3,True,True
26959395,2,1.0,1.0,3,3,True,True
26959395,3,1.0,1.0,3,3,True,True
15618640,1,1.0,1.0,3,4,True,True
15618640,2,1.0,1.0,3,4,True,True
15618640,3,1.0,1.0,3,4,True,True
15618640,4,1.0,1.0,3,4,True,True
23858266,1,1.0,1.0,3,4,True,True
23858266,2,1.0,1.0,3,4,True,True
23858266,3,1.0,1.0,3,4,True,True
23858266,4,1.0,1.0,3,4,True,True
25305165,1,1.0,1.0,2,4,True,True
25305165,2,1.0,1.0,2,4,True,True
25305165,3,1.0,1.0,2,4,True,True
11305011,1,0.75,0.75,4,4,False,False
11305011,2,0.625,0.75,4,4,False,False
11305011,3,0.875,0.75,4,4,False,False
11305011,4,0.75,0.75,4,4,False,False
24698156,1,1.0,1.0,1,4,True,True
24698156,2,1.0,1.0,1,4,True,True
24698156,3,1.0,1.0,1,4,True,True
24698156,4,1.0,1.0,1,4,True,True
24698156,5,1.0,1.0,1,4,True,True
17529566,1,1.0,1.0,5,6,True,True
17529566,2,1.0,1.0,5,6,True,True
17529566,3,0.9,0.8333333333333334,5,6,False,False
17529566,4,1.0,1.0,5,6,True,True
17529566,5,1.0,1.0,5,6,True,True
23305290,1,1.0,1.0,3,4,True,True
23305290,2,1.0,1.0,3,4,True,True
23305290,3,1.0,1.0,3,4,True,True
23305290,4,1.0,1.0,3,4,True,True
23305290,5,1.0,1.0,3,4,True,True
29917341,1,1.0,1.0,2,4,True,True
29917341,2,1.0,1.0,2,4,True,True
29917341,3,1.0,1.0,2,4,True,True
16336784,1,1.0,1.0,2,3,True,True
16336784,2,1.0,1.0,2,3,True,True
16336784,3,1.0,1.0,2,3,True,True
28120861,1,1.0,1.0,4,4,True,True
28120861,2,0.875,0.75,4,4,False,False
28120861,3,1.0,1.0,4,4,True,True
28120861,4,1.0,1.0,4,4,True,True
10023607,1,1.0,1.0,2,3,True,True
10023607,2,1.0,1.0,2,3,True,True
31376398,1,1.0,1.0,2,3,True,True
31376398,2,1.0,1.0,2,3,True,True
31376398,3,1.0,1.0,2,3,True,True
31376398,4,1.0,1.0,2,3,True,True
13328287,1,1.0,1.0,3,4,True,True
13328287,2,1.0,1.0,3,4,True,True
13328287,3,1.0,1.0,3,4,True,True
13328287,4,1.0,1.0,3,4,True,True
33377661,1,1.0,1.0,3,6,True,True
33377661,2,1.0,1.0,3,6,True,True
33377661,3,1.0,1.0,3,6,True,True
33377661,4,1.0,1.0,3,6,True,True
33377661,5,1.0,1.0,3,6,True,True
80393999,1,1.0,1.0,2,3,True,True
80393999,2,1.0,1.0,2,3,True,True
80393999,3,1.0,1.0,2,3,True,True
80393999,4,1.0,1.0,2,3,True,True
22556056,1,1.0,1.0,1,3,True,True
22556056,2,1.0,1.0,1,3,True,True
12700481,1,1.0,1.0,3,4,True,True
12700481,2,1.0,1.0,3,4,True,True
12700481,3,1.0,1.0,3,4,True,True
12700481,4,1.0,1.0,3,4,True,True
41541341,1,1.0,1.0,3,4,True,True
41541341,2,1.0,1.0,3,4,True,True
41541341,3,0.8571428571428572,0.75,3,4,False,False
41541341,4,1.0,1.0,3,4,True,True
13590705,1,1.0,1.0,2,3,True,True
13590705,2,1.0,1.0,2,3,True,True
13590705,3,1.0,1.0,2,3,True,True
13590705,4,1.0,1.0,2,3,True,True
22387171,1,1.0,1.0,4,6,True,True
22387171,2,1.0,1.0,4,6,True,True
22387171,3,1.0,1.0,4,6,True,True
22387171,4,1.0,1.0,4,6,True,True
22387171,5,1.0,1.0,4,6,True,True
10219651,1,1.0,1.0,2,4,True,True
10219651,2,1.0,1.0,2,4,True,True
10219651,3,1.0,1.0,2,4,True,True
10219651,4,1.0,1.0,2,4,True,True
10702280,1,1.0,1.0,3,4,True,True
10702280,2,1.0,1.0,3,4,True,True
10702280,3,1.0,1.0,3,4,True,True
31335856,1,1.0,1.0,4,4,True,True
31335856,2,1.0,1.0,4,4,True,True
31335856,3,0.8571428571428572,0.75,4,4,False,False
31335856,4,1.0,1.0,4,4,True,True
26704563,1,0.8333333333333334,0.6666666666666667,2,3,False,False
26704563,2,0.6666666666666667,0.6666666666666667,2,3,False,False
26704563,3,0.8333333333333334,0.6666666666666667,2,3,False,False
22151225,1,0.8571428571428572,0.75,4,4,False,False
22151225,2,1.0,1.0,4,4,True,True
22151225,3,0.8571428571428572,0.75,4,4,False,False
22151225,4,1.0,1.0,4,4,True,True
28376419,1,1.0,1.0,2,3,True,True
28376419,2,1.0,1.0,2,3,True,True
28376419,3,1.0,1.0,2,3,True,True
28376419,4,1.0,1.0,2,3,True,True
20822854,1,1.0,1.0,2,4,True,True
20822854,2,1.0,1.0,2,4,True,True
20822854,3,1.0,1.0,2,4,True,True
31133384,1,0.8571428571428572,0.75,3,4,False,False
31133384,2,0.8571428571428572,0.75,3,4,False,False
31133384,3,0.8571428571428572,0.75,3,4,False,False
31133384,4,0.8571428571428572,0.75,3,4,False,False
28598024,1,1.0,1.0,4,3,True,True
28598024,2,1.0,1.0,4,3,True,True
28598024,3,1.0,1.0,4,3,True,True
28598024,4,1.0,1.0,4,3,True,True
28598024,5,0.8571428571428572,0.6666666666666667,4,3,False,False
28598024,6,1.0,1.0,4,3,True,True
28598024,7,1.0,1.0,4,3,True,True
28598024,8,1.0,1.0,4,3,True,True
28598024,9,0.8571428571428572,0.6666666666666667,4,3,False,False
18966822,1,1.0,1.0,2,5,True,True
18966822,2,0.8888888888888888,0.8,2,5,False,False
18966822,3,1.0,1.0,2,5,True,True
18966822,4,1.0,1.0,2,5,True,True
45140777,1,1.0,1.0,3,4,True,True
45140777,2,0.8571428571428572,0.75,3,4,False,False
45140777,3,1.0,1.0,3,4,True,True
45140777,4,1.0,1.0,3,4,True,True
11685484,1,0.8571428571428572,0.75,2,4,False,False
11685484,2,1.0,1.0,2,4,True,True
11685484,3,0.8571428571428572,0.75,2,4,False,False
11685484,4,1.0,1.0,2,4,True,True
28205828,1,1.0,1.0,2,4,True,True
28205828,2,1.0,1.0,2,4,True,True
28205828,3,1.0,1.0,2,4,True,True
28205828,4,1.0,1.0,2,4,True,True
68601347,1,1.0,1.0,3,4,True,True
68601347,2,1.0,1.0,3,4,True,True
68601347,3,1.0,1.0,3,4,True,True
68601347,4,1.0,1.0,3,4,True,True
65794446,1,1.0,1.0,4,4,True,True
65794446,2,0.8571428571428572,0.75,4,4,False,False
65794446,3,1.0,1.0,4,4,True,True
65794446,4,0.8571428571428572,0.75,4,4,False,False
65794446,5,1.0,1.0,4,4,True,True
10755258,1,1.0,1.0,3,4,True,True
10755258,2,0.8571428571428572,0.75,3,4,False,False
10755258,3,1.0,1.0,3,4,True,True
10755258,4,1.0,1.0,3,4,True,True
46379227,1,0.7142857142857143,0.5,3,4,False,False
46379227,2,0.8571428571428572,0.75,3,4,False,False
46379227,3,0.8571428571428572,0.75,3,4,False,False
46379227,4,0.7142857142857143,0.5,3,4,False,False
39491094,1,0.8571428571428572,0.75,2,4,False,False
39491094,2,1.0,1.0,2,4,True,True
39491094,3,0.8571428571428572,0.75,2,4,False,False
39491094,4,0.8571428571428572,0.75,2,4,False,False
31761373,1,1.0,1.0,3,4,True,True
31761373,2,1.0,1.0,3,4,True,True
31761373,3,1.0,1.0,3,4,True,True
31761373,4,1.0,1.0,3,4,True,True
18394595,1,1.0,1.0,2,3,True,True
18394595,2,1.0,1.0,2,3,True,True
18394595,3,1.0,1.0,2,3,True,True
88016703,1,1.0,1.0,3,4,True,True
88016703,2,0.8571428571428572,0.75,3,4,False,False
88016703,3,1.0,1.0,3,4,True,True
88016703,4,0.8571428571428572,0.75,3,4,False,False
30302713,1,1.0,1.0,3,4,True,True
30302713,2,1.0,1.0,3,4,True,True
30302713,3,1.0,1.0,3,4,True,True
30302713,4,1.0,1.0,3,4,True,True
30302713,5,1.0,1.0,3,4,True,True
55727681,1,1.0,1.0,4,4,True,True
55727681,2,1.0,1.0,4,4,True,True
55727681,3,0.8571428571428572,0.75,4,4,False,False
55727681,4,1.0,1.0,4,4,True,True
30462936,1,1.0,1.0,2,4,True,True
30462936,2,1.0,1.0,2,4,True,True
30462936,3,1.0,1.0,2,4,True,True
30462936,4,1.0,1.0,2,4,True,True
29360324,1,1.0,1.0,2,3,True,True
29360324,2,1.0,1.0,2,3,True,True
29360324,3,1.0,1.0,2,3,True,True
29360324,4,1.0,1.0,2,3,True,True
15212737,1,0.8333333333333334,0.6666666666666667,4,3,False,False
15212737,2,1.0,1.0,4,3,True,True
15212737,3,1.0,1.0,4,3,True,True
15212737,4,0.8333333333333334,0.6666666666666667,4,3,False,False
23512890,1,0.8888888888888888,0.8333333333333334,3,6,False,False
23512890,2,1.0,1.0,3,6,True,True
23512890,3,1.0,1.0,3,6,True,True
23512890,4,0.8888888888888888,0.8333333333333334,3,6,False,False
23512890,5,1.0,1.0,3,6,True,True
32128001,1,1.0,1.0,3,4,True,True
32128001,2,1.0,1.0,3,4,True,True
32128001,3,1.0,1.0,3,4,True,True
32128001,4,1.0,1.0,3,4,True,True
33905060,1,1.0,1.0,3,3,True,True
33905060,2,1.0,1.0,3,3,True,True
33905060,3,0.8333333333333334,0.6666666666666667,3,3,False,False
28956495,1,1.0,1.0,2,3,True,True
28956495,2,1.0,1.0,2,3,True,True
20509312,1,1.0,1.0,2,4,True,True
20509312,2,1.0,1.0,2,4,True,True
20509312,3,1.0,1.0,2,4,True,True
20509312,4,1.0,1.0,2,4,True,True
33576919,1,1.0,1.0,2,3,True,True
33576919,2,1.0,1.0,2,3,True,True
33576919,3,1.0,1.0,2,3,True,True
16718529,1,1.0,1.0,3,4,True,True
16718529,2,1.0,1.0,3,4,True,True
16718529,3,1.0,1.0,3,4,True,True
16718529,4,1.0,1.0,3,4,True,True
13416307,1,1.0,1.0,2,3,True,True
13416307,2,1.0,1.0,2,3,True,True
13416307,3,1.0,1.0,2,3,True,True
81049953,1,1.0,1.0,2,3,True,True
81049953,2,1.0,1.0,2,3,True,True
81049953,3,1.0,1.0,2,3,True,True
81049953,4,1.0,1.0,2,3,True,True
74973789,1,1.0,1.0,2,3,True,True
74973789,2,1.0,1.0,2,3,True,True
74973789,3,1.0,1.0,2,3,True,True
24197490,1,1.0,1.0,1,5,True,True
24197490,2,1.0,1.0,1,5,True,True
24197490,3,1.0,1.0,1,5,True,True
24197490,4,1.0,1.0,1,5,True,True
24197490,5,1.0,1.0,1,5,True,True
24197490,6,1.0,1.0,1,5,True,True
24197490,7,1.0,1.0,1,5,True,True
24197490,8,1.0,1.0,1,5,True,True
24197490,9,1.0,1.0,1,5,True,True
29651002,1,1.0,1.0,2,3,True,True
29651002,2,1.0,1.0,2,3,True,True
29651002,3,1.0,1.0,2,3,True,True
14324219,1,1.0,1.0,5,4,True,True
14324219,2,1.0,1.0,5,4,True,True
14324219,3,1.0,1.0,5,4,True,True
14324219,4,0.875,0.75,5,4,False,False
14324219,5,1.0,1.0,5,4,True,True
22545929,1,1.0,1.0,2,4,True,True
22545929,2,1.0,1.0,2,4,True,True
22545929,3,1.0,1.0,2,4,True,True
12821655,1,1.0,1.0,4,3,True,True
12821655,2,1.0,1.0,4,3,True,True
12821655,3,1.0,1.0,4,3,True,True
12821655,4,0.8571428571428572,0.6666666666666667,4,3,False,False
12821655,5,1.0,1.0,4,3,True,True
30489452,1,1.0,1.0,3,4,True,True
30489452,2,1.0,1.0,3,4,True,True
30489452,3,0.8571428571428572,0.75,3,4,False,False
30489452,4,1.0,1.0,3,4,True,True
31085234,1,1.0,1.0,1,4,True,True
31085234,2,1.0,1.0,1,4,True,True
31085234,3,1.0,1.0,1,4,True,True
31085234,4,1.0,1.0,1,4,True,True
49391585,1,1.0,1.0,3,4,True,True
49391585,2,1.0,1.0,3,4,True,True
49391585,3,1.0,1.0,3,4,True,True
49391585,4,1.0,1.0,3,4,True,True
10557009,1,1.0,1.0,3,4,True,True
10557009,2,1.0,1.0,3,4,True,True
10557009,3,1.0,1.0,3,4,True,True
10557009,4,1.0,1.0,3,4,True,True
10557009,5,1.0,1.0,3,4,True,True
33129048,1,1.0,1.0,2,3,True,True
33129048,2,1.0,1.0,2,3,True,True
33129048,3,1.0,1.0,2,3,True,True
33129048,4,1.0,1.0,2,3,True,True
28960855,1,1.0,1.0,2,3,True,True
28960855,2,1.0,1.0,2,3,True,True
28960855,3,1.0,1.0,2,3,True,True
28960855,4,1.0,1.0,2,3,True,True
28960855,5,1.0,1.0,2,3,True,True
28048541,1,1.0,1.0,3,4,True,True
28048541,2,1.0,1.0,3,4,True,True
28048541,3,1.0,1.0,3,4,True,True
28048541,4,1.0,1.0,3,4,True,True
13641817,1,1.0,1.0,2,4,True,True
13641817,2,0.8571428571428572,0.75,2,4,False,False
13641817,3,1.0,1.0,2,4,True,True
13641817,4,0.8571428571428572,0.75,2,4,False,False
10816606,1,1.0,1.0,2,3,True,True
10816606,2,1.0,1.0,2,3,True,True
10816606,3,1.0,1.0,2,3,True,True
10816606,4,1.0,1.0,2,3,True,True
28344809,1,0.8333333333333334,0.75,3,4,False,False
28344809,2,1.0,1.0,3,4,True,True
28344809,3,1.0,1.0,3,4,True,True
85782550,1,1.0,1.0,2,3,True,True
85782550,2,1.0,1.0,2,3,True,True
28177919,1,0.8571428571428572,0.75,2,4,False,False
28177919,2,1.0,1.0,2,4,True,True
28177919,3,1.0,1.0,2,4,True,True
28177919,4,0.8571428571428572,0.75,2,4,False,False
19933662,1,1.0,1.0,2,3,True,True
19933662,2,1.0,1.0,2,3,True,True
19933662,3,1.0,1.0,2,3,True,True
27791495,1,0.8,0.6153846153846154,3,6,False,False
27791495,2,0.7777777777777778,0.6666666666666667,3,5,False,False
27791495,3,0.6666666666666667,0.5,3,5,False,False
27791495,4,0.8,0.6153846153846154,3,6,False,False
27791495,5,0.7777777777777778,0.6666666666666667,3,5,False,False
13875356,1,1.0,1.0,2,4,True,True
13875356,2,1.0,1.0,2,4,True,True
13875356,3,1.0,1.0,2,4,True,True
13875356,4,1.0,1.0,2,4,True,True
33378522,1,1.0,1.0,3,4,True,True
33378522,2,1.0,1.0,3,4,True,True
33378522,3,0.8571428571428572,0.75,3,4,False,False
13140442,1,1.0,1.0,3,4,True,True
13140442,2,1.0,1.0,3,4,True,True
13140442,3,1.0,1.0,3,4,True,True
13140442,4,0.8571428571428572,0.75,3,4,False,False
28720403,1,1.0,1.0,2,4,True,True
28720403,2,1.0,1.0,2,4,True,True
28720403,3,1.0,1.0,2,4,True,True
28720403,4,1.0,1.0,2,4,True,True
16540993,1,1.0,1.0,2,3,True,True
16540993,2,1.0,1.0,2,3,True,True
16540993,3,1.0,1.0,2,3,True,True
32089993,1,1.0,1.0,2,4,True,True
32089993,2,1.0,1.0,2,4,True,True
32089993,3,1.0,1.0,2,4,True,True
28128488,1,1.0,1.0,3,4,True,True
28128488,2,1.0,1.0,3,4,True,True
28128488,3,1.0,1.0,3,4,True,True
28128488,4,1.0,1.0,3,4,True,True
25297988,1,0.8333333333333334,0.8571428571428572,2,3,False,False
25297988,2,0.8333333333333334,0.8571428571428572,2,3,False,False
25297988,3,0.8333333333333334,0.8571428571428572,2,3,False,False
25297988,4,0.8333333333333334,0.8571428571428572,2,3,False,False
32485307,1,0.8571428571428572,0.75,3,4,False,False
32485307,2,0.8571428571428572,0.75,3,4,False,False
32485307,3,0.8571428571428572,0.75,3,4,False,False
32485307,4,0.8571428571428572,0.75,3,4,False,False
24373888,1,1.0,1.0,2,3,True,True
24373888,2,1.0,1.0,2,3,True,True
24373888,3,1.0,1.0,2,3,True,True
24373888,4,1.0,1.0,2,3,True,True
88103583,1,1.0,1.0,2,3,True,True
88103583,2,1.0,1.0,2,3,True,True
88103583,3,1.0,1.0,2,3,True,True
79094671,1,1.0,1.0,2,4,True,True
79094671,2,1.0,1.0,2,4,True,True
79094671,3,1.0,1.0,2,4,True,True
79094671,4,1.0,1.0,2,4,True,True
79094671,5,1.0,1.0,2,4,True,True
20214529,1,1.0,1.0,2,3,True,True
20214529,2,1.0,1.0,2,3,True,True
20214529,3,1.0,1.0,2,3,True,True
22732069,1,1.0,1.0,4,4,True,True
22732069,2,0.8571428571428572,0.75,4,4,False,False
22732069,3,1.0,1.0,4,4,True,True
22732069,4,1.0,1.0,4,4,True,True
25637431,1,1.0,1.0,3,4,True,True
25637431,2,1.0,1.0,3,4,True,True
25637431,3,1.0,1.0,3,4,True,True
25637431,4,1.0,1.0,3,4,True,True
67398810,1,1.0,1.0,2,3,True,True
67398810,2,1.0,1.0,2,3,True,True
67398810,3,1.0,1.0,2,3,True,True
24635315,1,0.8181818181818181,0.8,3,7,False,False
24635315,2,0.8181818181818181,0.8,3,7,False,False
24635315,3,0.9090909090909091,0.9333333333333333,3,7,False,False
24635315,4,0.8181818181818181,0.8,3,7,False,False
24635315,5,0.9090909090909091,0.9333333333333333,3,7,False,False
14628858,1,1.0,1.0,4,3,True,True
14628858,2,1.0,1.0,4,3,True,True
14628858,3,1.0,1.0,4,3,True,True
14628858,4,1.0,1.0,4,3,True,True
16519669,1,1.0,1.0,4,4,True,True
16519669,2,1.0,1.0,4,4,True,True
16519669,3,0.8571428571428572,0.75,4,4,False,False
16519669,4,0.8571428571428572,0.75,4,4,False,False
15037969,1,0.8333333333333334,0.8571428571428572,4,3,False,False
15037969,2,0.8333333333333334,0.8571428571428572,4,3,False,False
15037969,3,0.6666666666666667,0.5714285714285714,4,3,False,False
15037969,4,0.6666666666666667,0.5714285714285714,4,3,False,False
47944084,1,1.0,1.0,4,4,True,True
47944084,2,1.0,1.0,4,4,True,True
47944084,3,0.8571428571428572,0.75,4,4,False,False
47944084,4,0.8571428571428572,0.75,4,4,False,False
28658312,1,0.8571428571428572,0.75,2,4,False,False
28658312,2,1.0,1.0,2,4,True,True
28658312,3,0.8571428571428572,0.75,2,4,False,False
28658312,4,1.0,1.0,2,4,True,True
27452509,1,0.7333333333333334,0.8888888888888888,3,4,False,False
27452509,2,0.55,0.6666666666666667,3,4,False,False
27452509,3,0.55,0.6666666666666667,3,4,False,False
17216080,1,1.0,1.0,2,6,True,True
17216080,2,1.0,1.0,2,6,True,True
17216080,3,1.0,1.0,2,6,True,True
17216080,4,1.0,1.0,2,6,True,True
17216080,5,1.0,1.0,2,6,True,True
17216080,6,1.0,1.0,2,6,True,True
17216080,7,1.0,1.0,2,6,True,True
17216080,8,1.0,1.0,2,6,True,True
17216080,9,1.0,1.0,2,6,True,True
17216080,10,1.0,1.0,2,6,True,True
11376966,1,1.0,1.0,3,3,True,True
11376966,2,1.0,1.0,3,3,True,True
11376966,3,0.8333333333333334,0.6666666666666667,3,3,False,False
26869361,1,1.0,1.0,2,3,True,True
26869361,2,1.0,1.0,2,3,True,True
26869361,3,1.0,1.0,2,3,True,True
30837315,1,1.0,1.0,2,3,True,True
30837315,2,1.0,1.0,2,3,True,True
30837315,3,1.0,1.0,2,3,True,True
29214847,1,1.0,1.0,2,3,True,True
29214847,2,1.0,1.0,2,3,True,True
34140511,1,1.0,1.0,2,3,True,True
34140511,2,1.0,1.0,2,3,True,True
34140511,3,1.0,1.0,2,3,True,True
32684007,1,0.875,0.75,4,4,False,False
32684007,2,1.0,1.0,4,4,True,True
32684007,3,0.875,0.75,4,4,False,False
32684007,4,0.875,0.75,4,4,False,False
16735705,1,0.8,0.8,1,2,False,False
16735705,2,0.8,0.8,1,2,False,False
74688482,1,0.8571428571428572,0.75,5,4,False,False
74688482,2,1.0,1.0,5,4,True,True
74688482,3,1.0,1.0,5,4,True,True
74688482,4,1.0,1.0,5,4,True,True
74688482,5,0.8571428571428572,0.75,5,4,False,False
27213855,1,0.8571428571428572,0.75,2,4,False,False
27213855,2,1.0,1.0,2,4,True,True
27213855,3,0.8571428571428572,0.75,2,4,False,False
27213855,4,1.0,1.0,2,4,True,True
12598236,1,1.0,1.0,2,4,True,True
12598236,2,0.8,0.75,2,4,False,False
12598236,3,1.0,1.0,2,4,True,True
21779257,1,1.0,1.0,2,3,True,True
21779257,2,1.0,1.0,2,3,True,True
21779257,3,1.0,1.0,2,3,True,True
22949408,1,0.8571428571428572,0.75,4,4,False,False
22949408,2,1.0,1.0,4,4,True,True
22949408,3,1.0,1.0,4,4,True,True
22949408,4,0.8571428571428572,0.75,4,4,False,False
18120725,1,1.0,1.0,2,4,True,True
18120725,2,1.0,1.0,2,4,True,True
18120725,3,1.0,1.0,2,4,True,True
18120725,4,1.0,1.0,2,4,True,True
18120725,5,1.0,1.0,2,4,True,True
10985677,1,1.0,1.0,2,3,True,True
10985677,2,1.0,1.0,2,3,True,True
10985677,3,1.0,1.0,2,3,True,True
13594579,1,1.0,1.0,2,4,True,True
13594579,2,1.0,1.0,2,4,True,True
13594579,3,1.0,1.0,2,4,True,True
11619722,1,1.0,1.0,2,4,True,True
11619722,2,1.0,1.0,2,4,True,True
11619722,3,1.0,1.0,2,4,True,True
32513404,1,1.0,1.0,4,4,True,True
32513404,2,0.8571428571428572,0.75,4,4,False,False
32513404,3,1.0,1.0,4,4,True,True
32513404,4,1.0,1.0,4,4,True,True
13141885,1,1.0,1.0,3,4,True,True
13141885,2,0.8571428571428572,0.75,3,4,False,False
13141885,3,0.7142857142857143,0.75,3,4,False,False
13141885,4,1.0,1.0,3,4,True,True
33947379,1,1.0,1.0,4,4,True,True
33947379,2,1.0,1.0,4,4,True,True
33947379,3,1.0,1.0,4,4,True,True
33947379,4,0.8571428571428572,0.75,4,4,False,False
33947379,5,1.0,1.0,4,4,True,True
24695232,1,1.0,1.0,3,4,True,True
24695232,2,0.8571428571428572,0.75,3,4,False,False
24695232,3,1.0,1.0,3,4,True,True
23073202,1,1.0,1.0,2,4,True,True
23073202,2,1.0,1.0,2,4,True,True
23073202,3,1.0,1.0,2,4,True,True
15483003,1,0.8571428571428572,0.75,4,4,False,False
15483003,2,1.0,1.0,4,4,True,True
15483003,3,1.0,1.0,4,4,True,True
15483003,4,1.0,1.0,4,4,True,True
13710655,1,1.0,1.0,4,4,True,True
13710655,2,1.0,1.0,4,4,True,True
13710655,3,1.0,1.0,4,4,True,True
13710655,4,1.0,1.0,4,4,True,True
31077367,1,1.0,1.0,1,4,True,True
31077367,2,1.0,1.0,1,4,True,True
31077367,3,1.0,1.0,1,4,True,True
31077367,4,1.0,1.0,1,4,True,True
31077367,5,1.0,1.0,1,4,True,True
31077367,6,1.0,1.0,1,4,True,True
31077367,7,1.0,1.0,1,4,True,True
65001117,1,1.0,1.0,3,4,True,True
65001117,2,1.0,1.0,3,4,True,True
65001117,3,0.8571428571428572,0.75,3,4,False,False
65001117,4,1.0,1.0,3,4,True,True
65001117,5,0.8571428571428572,0.75,3,4,False,False
42540050,1,1.0,1.0,3,4,True,True
42540050,2,0.8571428571428572,0.75,3,4,False,False
42540050,3,0.7142857142857143,0.75,3,4,False,False
42540050,4,1.0,1.0,3,4,True,True
23862407,1,0.8571428571428572,0.75,1,4,False,False
23862407,2,0.8571428571428572,0.75,1,4,False,False
23862407,3,0.8571428571428572,0.75,1,4,False,False
23862407,4,0.8571428571428572,0.75,1,4,False,False
23862407,5,0.8571428571428572,0.75,1,4,False,False
23862407,6,0.8571428571428572,0.75,1,4,False,False
23862407,7,0.8571428571428572,0.75,1,4,False,False
23862407,8,0.8571428571428572,0.75,1,4,False,False
23862407,9,0.8571428571428572,0.75,1,4,False,False
19764617,1,1.0,1.0,5,4,True,True
19764617,2,1.0,1.0,5,4,True,True
19764617,3,1.0,1.0,5,4,True,True
19764617,4,1.0,1.0,5,4,True,True
19764617,5,1.0,1.0,5,4,True,True
71294570,1,1.0,1.0,4,4,True,True
71294570,2,1.0,1.0,4,4,True,True
71294570,3,0.8571428571428572,0.75,4,4,False,False
71294570,4,1.0,1.0,4,4,True,True
25993913,1,1.0,1.0,4,3,True,True
25993913,2,1.0,1.0,4,3,True,True
25993913,3,1.0,1.0,4,3,True,True
25993913,4,0.8571428571428572,0.6666666666666667,4,3,False,False
89447301,1,1.0,1.0,2,3,True,True
89447301,2,1.0,1.0,2,3,True,True
89447301,3,1.0,1.0,2,3,True,True
24337357,1,1.0,1.0,4,4,True,True
24337357,2,1.0,1.0,4,4,True,True
24337357,3,0.8571428571428572,0.75,4,4,False,False
24337357,4,0.8571428571428572,0.75,4,4,False,False
13021297,1,1.0,1.0,2,3,True,True
13021297,2,1.0,1.0,2,3,True,True
13021297,3,1.0,1.0,2,3,True,True
19947493,1,1.0,1.0,4,7,True,True
19947493,2,0.9,0.8571428571428572,4,7,False,False
19947493,3,0.9,0.7142857142857143,4,7,False,False
19947493,4,0.9,0.8571428571428572,4,7,False,False
29028793,1,1.0,1.0,2,4,True,True
29028793,2,1.0,1.0,2,4,True,True
29028793,3,1.0,1.0,2,4,True,True
29028793,4,1.0,1.0,2,4,True,True
32078943,1,1.0,1.0,3,3,True,True
32078943,2,1.0,1.0,3,3,True,True
32078943,3,0.8333333333333334,0.6666666666666667,3,3,False,False
13147817,1,0.8571428571428572,0.6666666666666667,3,3,False,False
13147817,2,1.0,1.0,3,3,True,True
13147817,3,0.8571428571428572,0.6666666666666667,3,3,False,False
13147817,4,0.8571428571428572,0.6666666666666667,3,3,False,False
19061728,1,1.0,1.0,3,4,True,True
19061728,2,1.0,1.0,3,4,True,True
19061728,3,1.0,1.0,3,4,True,True
19061728,4,1.0,1.0,3,4,True,True
97422199,1,1.0,1.0,4,4,True,True
97422199,2,1.0,1.0,4,4,True,True
97422199,3,1.0,1.0,4,4,True,True
97422199,4,0.8571428571428572,0.75,4,4,False,False
97422199,5,0.8571428571428572,0.75,4,4,False,False
11750849,1,1.0,1.0,2,3,True,True
11750849,2,1.0,1.0,2,3,True,True
11750849,3,1.0,1.0,2,3,True,True
30697771,1,1.0,1.0,2,3,True,True
30697771,2,1.0,1.0,2,3,True,True
30697771,3,1.0,1.0,2,3,True,True
30697771,4,1.0,1.0,2,3,True,True
17780954,1,0.7142857142857143,0.75,4,4,False,False
17780954,2,0.7142857142857143,0.75,4,4,False,False
17780954,3,1.0,1.0,4,4,True,True
17780954,4,1.0,1.0,4,4,True,True
27720636,1,1.0,1.0,2,4,True,True
27720636,2,1.0,1.0,2,4,True,True
27720636,3,1.0,1.0,2,4,True,True
27720636,4,1.0,1.0,2,4,True,True
33676689,1,1.0,1.0,3,3,True,True
33676689,2,1.0,1.0,3,3,True,True
33676689,3,1.0,1.0,3,3,True,True
17914002,1,1.0,1.0,1,4,True,True
17914002,2,1.0,1.0,1,4,True,True
17914002,3,1.0,1.0,1,4,True,True
17914002,4,1.0,1.0,1,4,True,True
17914002,5,1.0,1.0,1,4,True,True
17914002,6,1.0,1.0,1,4,True,True
17914002,7,1.0,1.0,1,4,True,True
17914002,8,1.0,1.0,1,4,True,True
17914002,9,1.0,1.0,1,4,True,True
23409032,1,1.0,1.0,4,3,True,True
23409032,2,1.0,1.0,4,3,True,True
23409032,3,0.8333333333333334,0.6666666666666667,4,3,False,False
23409032,4,0.6666666666666667,0.6666666666666667,4,3,False,False
14862397,1,1.0,1.0,4,4,True,True
14862397,2,0.8571428571428572,0.75,4,4,False,False
14862397,3,1.0,1.0,4,4,True,True
14862397,4,0.8571428571428572,0.75,4,4,False,False
29848952,1,1.0,1.0,3,3,True,True
29848952,2,0.8333333333333334,0.6666666666666667,3,3,False,False
29848952,3,1.0,1.0,3,3,True,True
22373267,1,1.0,1.0,2,3,True,True
22373267,2,1.0,1.0,2,3,True,True
22373267,3,1.0,1.0,2,3,True,True
22373267,4,1.0,1.0,2,3,True,True
10751033,1,1.0,1.0,4,4,True,True
10751033,2,0.8571428571428572,0.75,4,4,False,False
10751033,3,1.0,1.0,4,4,True,True
10751033,4,0.8571428571428572,0.75,4,4,False,False
19351515,1,1.0,1.0,2,3,True,True
19351515,2,1.0,1.0,2,3,True,True
77594266,1,1.0,1.0,2,4,True,True
77594266,2,1.0,1.0,2,4,True,True
77594266,3,1.0,1.0,2,4,True,True
77594266,4,1.0,1.0,2,4,True,True
80262334,1,1.0,1.0,2,3,True,True
80262334,2,1.0,1.0,2,3,True,True
80262334,3,1.0,1.0,2,3,True,True
80262334,4,1.0,1.0,2,3,True,True
19480387,1,1.0,1.0,2,4,True,True
19480387,2,1.0,1.0,2,4,True,True
19480387,3,1.0,1.0,2,4,True,True
19480387,4,1.0,1.0,2,4,True,True
10074769,1,1.0,1.0,2,4,True,True
10074769,2,1.0,1.0,2,4,True,True
10074769,3,1.0,1.0,2,4,True,True
10074769,4,1.0,1.0,2,4,True,True
19481518,1,0.75,0.6666666666666667,1,5,False,False
19481518,2,0.75,0.6666666666666667,1,5,False,False
19481518,3,0.75,0.6666666666666667,1,5,False,False
19481518,4,0.75,0.6666666666666667,1,5,False,False
19481518,5,0.75,0.6666666666666667,1,5,False,False
19481518,6,0.75,0.6666666666666667,1,5,False,False
19481518,7,0.75,0.6666666666666667,1,5,False,False
19481518,8,0.75,0.6666666666666667,1,5,False,False
19481518,9,0.75,0.6666666666666667,1,5,False,False
42381144,1,1.0,1.0,3,3,True,True
42381144,2,1.0,1.0,3,3,True,True
42381144,3,1.0,1.0,3,3,True,True
42381144,4,1.0,1.0,3,3,True,True
30901481,1,1.0,1.0,3,4,True,True
30901481,2,0.8571428571428572,0.75,3,4,False,False
30901481,3,1.0,1.0,3,4,True,True
30901481,4,1.0,1.0,3,4,True,True
41332022,1,1.0,1.0,2,3,True,True
41332022,2,1.0,1.0,2,3,True,True
41332022,3,1.0,1.0,2,3,True,True
41332022,4,1.0,1.0,2,3,True,True
15506858,1,0.8571428571428572,0.75,2,4,False,False
15506858,2,0.8571428571428572,0.75,2,4,False,False
15506858,3,0.8571428571428572,0.75,2,4,False,False
15506858,4,0.8571428571428572,0.75,2,4,False,False
18493688,1,1.0,1.0,2,3,True,True
18493688,2,1.0,1.0,2,3,True,True
18493688,3,1.0,1.0,2,3,True,True
18493688,4,1.0,1.0,2,3,True,True
68800367,1,1.0,1.0,3,5,True,True
68800367,2,1.0,1.0,3,5,True,True
68800367,3,1.0,1.0,3,5,True,True
68800367,4,1.0,1.0,3,5,True,True
10653436,1,1.0,1.0,2,3,True,True
10653436,2,1.0,1.0,2,3,True,True
10653436,3,1.0,1.0,2,3,True,True
10653436,4,1.0,1.0,2,3,True,True
10653436,5,1.0,1.0,2,3,True,True
10109081,1,1.0,1.0,2,3,True,True
10109081,2,1.0,1.0,2,3,True,True
51044983,1,1.0,1.0,4,3,True,True
51044983,2,1.0,1.0,4,3,True,True
51044983,3,0.8333333333333334,0.6666666666666667,4,3,False,False
51044983,4,0.8333333333333334,0.6666666666666667,4,3,False,False
15076392,1,1.0,1.0,2,3,True,True
15076392,2,1.0,1.0,2,3,True,True
15076392,3,1.0,1.0,2,3,True,True
15076392,4,1.0,1.0,2,3,True,True
21375920,1,1.0,1.0,2,3,True,True
21375920,2,1.0,1.0,2,3,True,True
21375920,3,1.0,1.0,2,3,True,True
21375920,4,1.0,1.0,2,3,True,True
13646024,1,1.0,1.0,2,3,True,True
13646024,2,1.0,1.0,2,3,True,True
13646024,3,1.0,1.0,2,3,True,True
13646024,4,1.0,1.0,2,3,True,True
48318288,1,1.0,1.0,3,4,True,True
48318288,2,1.0,1.0,3,4,True,True
48318288,3,1.0,1.0,3,4,True,True
48318288,4,1.0,1.0,3,4,True,True
48318288,5,1.0,1.0,3,4,True,True
21972271,1,1.0,1.0,4,4,True,True
21972271,2,1.0,1.0,4,4,True,True
21972271,3,1.0,1.0,4,4,True,True
21972271,4,1.0,1.0,4,4,True,True
25520941,1,1.0,1.0,4,4,True,True
25520941,2,1.0,1.0,4,4,True,True
25520941,3,1.0,1.0,4,4,True,True
25520941,4,1.0,1.0,4,4,True,True
31407822,1,1.0,1.0,3,3,True,True
31407822,2,1.0,1.0,3,3,True,True
31407822,3,1.0,1.0,3,3,True,True
14084946,1,0.8333333333333334,0.8571428571428572,2,3,False,False
14084946,2,0.8333333333333334,0.8571428571428572,2,3,False,False
14084946,3,0.8333333333333334,0.8571428571428572,2,3,False,False
14084946,4,0.8333333333333334,0.8571428571428572,2,3,False,False
22107632,1,1.0,1.0,3,4,True,True
22107632,2,1.0,1.0,3,4,True,True
22107632,3,1.0,1.0,3,4,True,True
22107632,4,1.0,1.0,3,4,True,True
19059855,1,1.0,1.0,4,3,True,True
19059855,2,1.0,1.0,4,3,True,True
19059855,3,0.8571428571428572,0.6666666666666667,4,3,False,False
19059855,4,1.0,1.0,4,3,True,True
58711456,1,1.0,1.0,3,4,True,True
58711456,2,1.0,1.0,3,4,True,True
58711456,3,1.0,1.0,3,4,True,True
58711456,4,1.0,1.0,3,4,True,True
95824082,1,1.0,1.0,1,3,True,True
95824082,2,1.0,1.0,1,3,True,True
95824082,3,1.0,1.0,1,3,True,True
95824082,4,1.0,1.0,1,3,True,True
95824082,5,1.0,1.0,1,3,True,True
95824082,6,1.0,1.0,1,3,True,True
95824082,7,1.0,1.0,1,3,True,True
95824082,8,1.0,1.0,1,3,True,True
95824082,9,1.0,1.0,1,3,True,True
11297201,1,1.0,1.0,2,4,True,True
11297201,2,1.0,1.0,2,4,True,True
11297201,3,1.0,1.0,2,4,True,True
11297201,4,1.0,1.0,2,4,True,True
11297201,5,1.0,1.0,2,4,True,True
66201518,1,1.0,1.0,2,3,True,True
66201518,2,1.0,1.0,2,3,True,True
66201518,3,1.0,1.0,2,3,True,True
24480669,1,1.0,1.0,4,3,True,True
24480669,2,1.0,1.0,4,3,True,True
24480669,3,0.8333333333333334,0.6666666666666667,4,3,False,False
24480669,4,0.8333333333333334,0.6666666666666667,4,3,False,False
17290787,1,1.0,1.0,2,3,True,True
17290787,2,1.0,1.0,2,3,True,True
17290787,3,1.0,1.0,2,3,True,True
17290787,4,1.0,1.0,2,3,True,True
17290787,5,1.0,1.0,2,3,True,True
66706247,1,0.5833333333333334,0.8,3,2,False,False
66706247,2,1.0,1.0,3,3,True,True
66706247,3,1.0,1.0,3,3,True,True
12665433,1,1.0,1.0,3,3,True,True
12665433,2,0.8333333333333334,0.6666666666666667,3,3,False,False
12665433,3,1.0,1.0,3,3,True,True
12665433,4,0.8333333333333334,0.6666666666666667,3,3,False,False
21815491,1,1.0,1.0,2,3,True,True
21815491,2,1.0,1.0,2,3,True,True
21815491,3,1.0,1.0,2,3,True,True
21815491,4,1.0,1.0,2,3,True,True
32638841,1,0.8571428571428572,0.75,4,4,False,False
32638841,2,0.8571428571428572,0.75,4,4,False,False
32638841,3,1.0,1.0,4,4,True,True
32638841,4,0.8571428571428572,0.75,4,4,False,False
15761597,1,1.0,1.0,2,3,True,True
15761597,2,1.0,1.0,2,3,True,True
15761597,3,1.0,1.0,2,3,True,True
15761597,4,1.0,1.0,2,3,True,True
15761597,5,1.0,1.0,2,3,True,True
59855945,1,0.8333333333333334,0.6666666666666667,3,3,False,False
59855945,2,1.0,1.0,3,3,True,True
59855945,3,1.0,1.0,3,3,True,True
30699367,1,1.0,1.0,3,4,True,True
30699367,2,1.0,1.0,3,4,True,True
30699367,3,0.8571428571428572,0.75,3,4,False,False
30699367,4,1.0,1.0,3,4,True,True
31349807,1,0.8333333333333334,0.8,2,5,False,False
31349807,2,0.8333333333333334,0.8,2,5,False,False
31349807,3,0.8333333333333334,0.8,2,5,False,False
31349807,4,0.8333333333333334,0.8,2,5,False,False
31349807,5,0.8333333333333334,0.8,2,5,False,False
21367327,1,1.0,1.0,1,3,True,True
21367327,2,1.0,1.0,1,3,True,True
21367327,3,1.0,1.0,1,3,True,True
21367327,4,1.0,1.0,1,3,True,True
21367327,5,1.0,1.0,1,3,True,True
21367327,6,1.0,1.0,1,3,True,True
21367327,7,1.0,1.0,1,3,True,True
21367327,8,1.0,1.0,1,3,True,True
21367327,9,1.0,1.0,1,3,True,True
18788834,1,1.0,1.0,1,4,True,True
18788834,2,1.0,1.0,1,4,True,True
18788834,3,1.0,1.0,1,4,True,True
18788834,4,1.0,1.0,1,4,True,True
23257862,1,1.0,1.0,2,3,True,True
23257862,2,1.0,1.0,2,3,True,True
18284019,1,1.0,1.0,2,3,True,True
18284019,2,1.0,1.0,2,3,True,True
18284019,3,1.0,1.0,2,3,True,True
98091767,1,1.0,1.0,3,4,True,True
98091767,2,1.0,1.0,3,4,True,True
98091767,3,0.8571428571428572,0.75,3,4,False,False
98091767,4,1.0,1.0,3,4,True,True
57973781,1,1.0,1.0,2,3,True,True
57973781,2,1.0,1.0,2,3,True,True
27412468,1,1.0,1.0,3,4,True,True
27412468,2,1.0,1.0,3,4,True,True
27412468,3,1.0,1.0,3,4,True,True
27412468,4,1.0,1.0,3,4,True,True
27412468,5,1.0,1.0,3,4,True,True
26105740,1,1.0,1.0,5,4,True,True
26105740,2,0.8888888888888888,0.75,5,4,False,False
26105740,3,1.0,1.0,5,4,True,True
26105740,4,1.0,1.0,5,4,True,True
26105740,5,0.8888888888888888,0.75,5,4,False,False
34001341,1,0.8571428571428572,0.75,4,4,False,False
34001341,2,0.8571428571428572,0.75,4,4,False,False
34001341,3,1.0,1.0,4,4,True,True
34001341,4,0.8571428571428572,0.75,4,4,False,False
34001341,5,0.8571428571428572,0.75,4,4,False,False
33846084,1,1.0,1.0,5,4,True,True
33846084,2,1.0,1.0,5,4,True,True
33846084,3,1.0,1.0,5,4,True,True
33846084,4,0.8571428571428572,0.75,5,4,False,False
33846084,5,0.8571428571428572,0.75,5,4,False,False
21878474,1,1.0,1.0,2,3,True,True
21878474,2,1.0,1.0,2,3,True,True
10213034,1,0.8333333333333334,0.8571428571428572,1,3,False,False
10213034,2,0.8333333333333334,0.8571428571428572,1,3,False,False
10213034,3,0.8333333333333334,0.8571428571428572,1,3,False,False
10213034,4,0.8333333333333334,0.8571428571428572,1,3,False,False
89666972,1,1.0,1.0,3,5,True,True
89666972,2,1.0,1.0,3,5,True,True
89666972,3,0.8888888888888888,0.8,3,5,False,False
89666972,4,0.8888888888888888,0.8,3,5,False,False
31876257,1,1.0,1.0,3,4,True,True
31876257,2,1.0,1.0,3,4,True,True
31876257,3,1.0,1.0,3,4,True,True
31876257,4,1.0,1.0,3,4,True,True
26753516,1,1.0,1.0,2,3,True,True
26753516,2,1.0,1.0,2,3,True,True
26753516,3,1.0,1.0,2,3,True,True
34004480,1,1.0,1.0,3,6,True,True
34004480,2,0.8571428571428572,0.8333333333333334,3,6,False,False
34004480,3,1.0,1.0,3,6,True,True
34004480,4,0.8571428571428572,0.8333333333333334,3,6,False,False
33676750,1,1.0,1.0,2,4,True,True
33676750,2,1.0,1.0,2,4,True,True
33676750,3,1.0,1.0,2,4,True,True
76614259,1,1.0,1.0,2,3,True,True
76614259,2,1.0,1.0,2,3,True,True
76614259,3,1.0,1.0,2,3,True,True
76614259,4,1.0,1.0,2,3,True,True
30592055,1,1.0,1.0,2,3,True,True
30592055,2,1.0,1.0,2,3,True,True
30592055,3,1.0,1.0,2,3,True,True
30592055,4,1.0,1.0,2,3,True,True
28199695,1,1.0,1.0,2,4,True,True
28199695,2,1.0,1.0,2,4,True,True
28199695,3,1.0,1.0,2,4,True,True
28199695,4,1.0,1.0,2,4,True,True
25688318,1,1.0,1.0,2,3,True,True
25688318,2,1.0,1.0,2,3,True,True
28058323,1,1.0,1.0,3,5,True,True
28058323,2,0.875,0.8,3,5,False,False
28058323,3,1.0,1.0,3,5,True,True
28058323,4,1.0,1.0,3,5,True,True
28769531,1,1.0,1.0,2,3,True,True
28769531,2,1.0,1.0,2,3,True,True
28769531,3,1.0,1.0,2,3,True,True
28769531,4,1.0,1.0,2,3,True,True
28687369,1,1.0,1.0,3,4,True,True
28687369,2,1.0,1.0,3,4,True,True
28687369,3,1.0,1.0,3,4,True,True
23389437,1,1.0,1.0,2,4,True,True
23389437,2,1.0,1.0,2,4,True,True
23389437,3,1.0,1.0,2,4,True,True
23389437,4,1.0,1.0,2,4,True,True
18415345,1,1.0,1.0,4,4,True,True
18415345,2,0.8571428571428572,0.75,4,4,False,False
18415345,3,1.0,1.0,4,4,True,True
18415345,4,0.7142857142857143,0.75,4,4,False,False
19946937,1,1.0,1.0,4,4,True,True
19946937,2,0.8571428571428572,0.75,4,4,False,False
19946937,3,1.0,1.0,4,4,True,True
19946937,4,0.7142857142857143,0.75,4,4,False,False
25026302,1,1.0,1.0,3,4,True,True
25026302,2,1.0,1.0,3,4,True,True
25026302,3,1.0,1.0,3,4,True,True
25026302,4,1.0,1.0,3,4,True,True
25026302,5,1.0,1.0,3,4,True,True
34400494,1,1.0,1.0,2,4,True,True
34400494,2,1.0,1.0,2,4,True,True
34400494,3,1.0,1.0,2,4,True,True
12407297,1,1.0,1.0,3,4,True,True
12407297,2,1.0,1.0,3,4,True,True
12407297,3,1.0,1.0,3,4,True,True
12407297,4,1.0,1.0,3,4,True,True
18697098,1,1.0,1.0,2,3,True,True
18697098,2,1.0,1.0,2,3,True,True
18697098,3,1.0,1.0,2,3,True,True
18697098,4,1.0,1.0,2,3,True,True
23258361,1,1.0,1.0,2,5,True,True
23258361,2,0.8333333333333334,0.8,2,5,False,False
23258361,3,1.0,1.0,2,5,True,True
23258361,4,0.8333333333333334,0.8,2,5,False,False
29838669,1,1.0,1.0,3,3,True,True
29838669,2,1.0,1.0,3,3,True,True
29838669,3,0.8333333333333334,0.6666666666666667,3,3,False,False
16044056,1,1.0,1.0,2,3,True,True
16044056,2,1.0,1.0,2,3,True,True
16044056,3,1.0,1.0,2,3,True,True
24724082,1,1.0,1.0,2,3,True,True
24724082,2,1.0,1.0,2,3,True,True
24724082,3,1.0,1.0,2,3,True,True
24724082,4,1.0,1.0,2,3,True,True
29079468,1,1.0,1.0,1,2,True,True
29079468,2,1.0,1.0,1,2,True,True
29079468,3,1.0,1.0,1,2,True,True
12939083,1,0.8888888888888888,0.8333333333333334,4,6,False,False
12939083,2,0.7777777777777778,0.6666666666666667,4,6,False,False
12939083,3,0.8888888888888888,0.8333333333333334,4,6,False,False
12939083,4,0.8888888888888888,0.8333333333333334,4,6,False,False
27732871,1,0.8571428571428572,0.75,3,4,False,False
27732871,2,0.8571428571428572,0.75,3,4,False,False
27732871,3,0.8571428571428572,0.75,3,4,False,False
18065245,1,0.8035714285714286,0.9090909090909091,2,5,False,False
18065245,2,0.8035714285714286,0.9090909090909091,2,5,False,False
18065245,3,0.8035714285714286,0.9090909090909091,2,5,False,False
18065245,4,0.8035714285714286,0.9090909090909091,2,5,False,False
18065245,5,0.8035714285714286,0.9090909090909091,2,5,False,False
18065245,6,0.8035714285714286,0.9090909090909091,2,5,False,False
18065245,7,0.8035714285714286,0.9090909090909091,2,5,False,False
15075218,1,0.8333333333333334,0.75,1,8,False,False
15075218,2,0.8333333333333334,0.75,1,8,False,False
15075218,3,0.8333333333333334,0.75,1,8,False,False
15075218,4,0.8333333333333334,0.75,1,8,False,False
15075218,5,0.8333333333333334,0.75,1,8,False,False
15075218,6,0.8333333333333334,0.75,1,8,False,False
15075218,7,0.8333333333333334,0.75,1,8,False,False
15075218,8,0.8333333333333334,0.75,1,8,False,False
29230517,1,1.0,1.0,3,3,True,True
29230517,2,1.0,1.0,3,3,True,True
29230517,3,0.8333333333333334,0.6666666666666667,3,3,False,False
15614475,1,1.0,1.0,4,4,True,True
15614475,2,0.8571428571428572,0.75,4,4,False,False
15614475,3,0.8571428571428572,0.75,4,4,False,False
15614475,4,0.8571428571428572,0.75,4,4,False,False
12947044,1,1.0,1.0,1,4,True,True
12947044,2,1.0,1.0,1,4,True,True
12947044,3,1.0,1.0,1,4,True,True
12947044,4,1.0,1.0,1,4,True,True
12947044,5,1.0,1.0,1,4,True,True
12947044,6,1.0,1.0,1,4,True,True
12947044,7,1.0,1.0,1,4,True,True
12947044,8,1.0,1.0,1,4,True,True
12947044,9,1.0,1.0,1,4,True,True
82319921,1,0.8263888888888888,0.8571428571428572,5,6,False,False
82319921,2,0.7083333333333334,0.7142857142857143,5,6,False,False
82319921,3,0.7083333333333334,0.7142857142857143,5,6,False,False
82319921,4,0.5902777777777778,0.5714285714285714,5,6,False,False
82319921,5,0.7083333333333334,0.7142857142857143,5,6,False,False
25697264,1,0.75,0.6,4,5,False,False
25697264,2,0.875,0.8,4,5,False,False
25697264,3,0.875,0.8,4,5,False,False
25697264,4,0.75,0.6,4,5,False,False
28374453,1,0.8571428571428572,0.75,4,4,False,False
28374453,2,0.7142857142857143,0.5,4,4,False,False
28374453,3,0.7142857142857143,0.5,4,4,False,False
28374453,4,0.7142857142857143,0.5,4,4,False,False
21239428,1,1.0,1.0,2,4,True,True
21239428,2,1.0,1.0,2,4,True,True
21239428,3,1.0,1.0,2,4,True,True
21239428,4,1.0,1.0,2,4,True,True
17123290,1,1.0,1.0,2,3,True,True
17123290,2,0.8333333333333334,0.6666666666666667,2,3,False,False
17123290,3,1.0,1.0,2,3,True,True
17123290,4,0.8333333333333334,0.6666666666666667,2,3,False,False
10353129,1,1.0,1.0,4,3,True,True
10353129,2,1.0,1.0,4,3,True,True
10353129,3,1.0,1.0,4,3,True,True
10353129,4,0.8333333333333334,0.6666666666666667,4,3,False,False
10353129,5,0.8333333333333334,0.6666666666666667,4,3,False,False
33376359,1,1.0,1.0,2,3,True,True
33376359,2,1.0,1.0,2,3,True,True
33376359,3,1.0,1.0,2,3,True,True
33376359,4,1.0,1.0,2,3,True,True
17583578,1,1.0,1.0,2,3,True,True
17583578,2,1.0,1.0,2,3,True,True
17583578,3,1.0,1.0,2,3,True,True
60221669,1,0.8333333333333334,0.6666666666666667,3,3,False,False
60221669,2,1.0,1.0,3,3,True,True
60221669,3,1.0,1.0,3,3,True,True
41539854,1,0.675,0.8,1,2,False,False
41539854,2,0.675,0.8,1,2,False,False
18712751,1,1.0,1.0,4,4,True,True
18712751,2,1.0,1.0,4,4,True,True
18712751,3,1.0,1.0,4,4,True,True
18712751,4,1.0,1.0,4,4,True,True
10444401,1,1.0,1.0,2,3,True,True
10444401,2,1.0,1.0,2,3,True,True
10444401,3,1.0,1.0,2,3,True,True
85106217,1,1.0,1.0,2,3,True,True
85106217,2,1.0,1.0,2,3,True,True
85106217,3,1.0,1.0,2,3,True,True
85106217,4,1.0,1.0,2,3,True,True
10567096,1,1.0,1.0,3,3,True,True
10567096,2,0.8333333333333334,0.6666666666666667,3,3,False,False
10567096,3,1.0,1.0,3,3,True,True
10567096,4,0.6666666666666667,0.6666666666666667,3,3,False,False
10567096,5,1.0,1.0,3,3,True,True
20277847,1,1.0,1.0,5,5,True,True
20277847,2,1.0,1.0,5,5,True,True
20277847,3,1.0,1.0,5,5,True,True
20277847,4,1.0,1.0,5,5,True,True
20277847,5,1.0,1.0,5,5,True,True
13075083,1,1.0,1.0,2,3,True,True
13075083,2,1.0,1.0,2,3,True,True
13075083,3,1.0,1.0,2,3,True,True
62178945,1,1.0,1.0,3,4,True,True
62178945,2,1.0,1.0,3,4,True,True
62178945,3,1.0,1.0,3,4,True,True
62178945,4,1.0,1.0,3,4,True,True
25040008,1,0.8888888888888888,0.8333333333333334,5,6,False,False
25040008,2,0.7777777777777778,0.6666666666666667,5,6,False,False
25040008,3,0.7777777777777778,0.6666666666666667,5,6,False,False
25040008,4,0.7777777777777778,0.6666666666666667,5,6,False,False
25040008,5,0.7777777777777778,0.6666666666666667,5,6,False,False
15992250,1,1.0,1.0,2,4,True,True
15992250,2,1.0,1.0,2,4,True,True
15992250,3,1.0,1.0,2,4,True,True
15992250,4,1.0,1.0,2,4,True,True
29900395,1,1.0,1.0,3,4,True,True
29900395,2,1.0,1.0,3,4,True,True
29900395,3,1.0,1.0,3,4,True,True
12271501,1,1.0,1.0,2,3,True,True
12271501,2,1.0,1.0,2,3,True,True
12271501,3,1.0,1.0,2,3,True,True
22011368,1,1.0,1.0,2,3,True,True
22011368,2,1.0,1.0,2,3,True,True
22011368,3,1.0,1.0,2,3,True,True
30958002,1,0.8333333333333334,0.6666666666666667,3,3,False,False
30958002,2,1.0,1.0,3,3,True,True
30958002,3,1.0,1.0,3,3,True,True
50700088,1,1.0,1.0,3,4,True,True
50700088,2,1.0,1.0,3,4,True,True
50700088,3,1.0,1.0,3,4,True,True
50700088,4,1.0,1.0,3,4,True,True
49712248,1,1.0,1.0,4,4,True,True
49712248,2,1.0,1.0,4,4,True,True
49712248,3,1.0,1.0,4,4,True,True
49712248,4,1.0,1.0,4,4,True,True
29348560,1,0.8333333333333334,0.6666666666666667,3,3,False,False
29348560,2,1.0,1.0,3,3,True,True
29348560,3,1.0,1.0,3,3,True,True
28461211,1,1.0,1.0,4,4,True,True
28461211,2,1.0,1.0,4,4,True,True
28461211,3,0.8571428571428572,0.75,4,4,False,False
28461211,4,1.0,1.0,4,4,True,True
28461211,5,0.8571428571428572,0.75,4,4,False,False
28710398,1,1.0,1.0,2,4,True,True
28710398,2,1.0,1.0,2,4,True,True
28710398,3,1.0,1.0,2,4,True,True
28710398,4,1.0,1.0,2,4,True,True
20381443,1,1.0,1.0,4,4,True,True
20381443,2,1.0,1.0,4,4,True,True
20381443,3,1.0,1.0,4,4,True,True
20381443,4,1.0,1.0,4,4,True,True
20381443,5,1.0,1.0,4,4,True,True
16771097,1,1.0,1.0,2,4,True,True
16771097,2,1.0,1.0,2,4,True,True
16771097,3,1.0,1.0,2,4,True,True
16771097,4,1.0,1.0,2,4,True,True
14707569,1,1.0,1.0,3,4,True,True
14707569,2,0.875,0.75,3,4,False,False
14707569,3,1.0,1.0,3,4,True,True
14707569,4,1.0,1.0,3,4,True,True
12882075,1,1.0,1.0,3,4,True,True
12882075,2,1.0,1.0,3,4,True,True
12882075,3,1.0,1.0,3,4,True,True
12882075,4,1.0,1.0,3,4,True,True
15207874,1,1.0,1.0,1,4,True,True
15207874,2,1.0,1.0,1,4,True,True
15207874,3,1.0,1.0,1,4,True,True
15207874,4,1.0,1.0,1,4,True,True
15207874,5,1.0,1.0,1,4,True,True
15207874,6,1.0,1.0,1,4,True,True
15207874,7,1.0,1.0,1,4,True,True
15207874,8,1.0,1.0,1,4,True,True
15207874,9,1.0,1.0,1,4,True,True
33614393,1,1.0,1.0,3,4,True,True
33614393,2,1.0,1.0,3,4,True,True
33614393,3,0.8571428571428572,0.75,3,4,False,False
33614393,4,1.0,1.0,3,4,True,True
33614393,5,0.8571428571428572,0.75,3,4,False,False
82943287,1,1.0,1.0,2,3,True,True
82943287,2,1.0,1.0,2,3,True,True
17830403,1,1.0,1.0,2,3,True,True
17830403,2,1.0,1.0,2,3,True,True
16718060,1,1.0,1.0,2,4,True,True
16718060,2,1.0,1.0,2,4,True,True
16718060,3,1.0,1.0,2,4,True,True
16718060,4,1.0,1.0,2,4,True,True
17367510,1,1.0,1.0,2,3,True,True
17367510,2,0.8333333333333334,0.6666666666666667,2,3,False,False
17367510,3,1.0,1.0,2,3,True,True
10186897,1,0.75,0.6,3,5,False,False
10186897,2,0.875,0.8,3,5,False,False
10186897,3,0.75,0.6,3,5,False,False
10186897,4,0.875,0.8,3,5,False,False
10186897,5,0.875,0.8,3,5,False,False
11851814,1,0.8571428571428572,0.75,4,4,False,False
11851814,2,0.8571428571428572,0.75,4,4,False,False
11851814,3,0.8571428571428572,0.75,4,4,False,False
11851814,4,0.8571428571428572,0.75,4,4,False,False
11394669,1,1.0,1.0,2,4,True,True
11394669,2,1.0,1.0,2,4,True,True
11394669,3,1.0,1.0,2,4,True,True
11394669,4,1.0,1.0,2,4,True,True
96049139,1,0.8333333333333334,0.8571428571428572,3,3,False,False
96049139,2,0.6666666666666667,0.5714285714285714,3,3,False,False
96049139,3,0.6666666666666667,0.5714285714285714,3,3,False,False
96049139,4,0.6666666666666667,0.5714285714285714,3,3,False,False
27609075,1,1.0,1.0,2,4,True,True
27609075,2,1.0,1.0,2,4,True,True
27609075,3,1.0,1.0,2,4,True,True
27609075,4,1.0,1.0,2,4,True,True
11247905,1,1.0,1.0,2,3,True,True
11247905,2,1.0,1.0,2,3,True,True
11247905,3,1.0,1.0,2,3,True,True
18747781,1,1.0,1.0,2,3,True,True
18747781,2,1.0,1.0,2,3,True,True
18747781,3,1.0,1.0,2,3,True,True
13068357,1,1.0,1.0,2,3,True,True
13068357,2,1.0,1.0,2,3,True,True
13068357,3,1.0,1.0,2,3,True,True
51596430,1,1.0,1.0,2,5,True,True
51596430,2,1.0,1.0,2,5,True,True
51596430,3,1.0,1.0,2,5,True,True
51596430,4,0.8333333333333334,0.8,2,5,False,False
51596430,5,1.0,1.0,2,5,True,True
51596430,6,1.0,1.0,2,5,True,True
51596430,7,1.0,1.0,2,5,True,True
51596430,8,1.0,1.0,2,5,True,True
51596430,9,1.0,1.0,2,5,True,True
51596430,10,1.0,1.0,2,5,True,True
24078431,1,1.0,1.0,1,4,True,True
24078431,2,1.0,1.0,1,4,True,True
24078431,3,1.0,1.0,1,4,True,True
24078431,4,1.0,1.0,1,4,True,True
24078431,5,1.0,1.0,1,4,True,True
22817672,1,1.0,1.0,4,4,True,True
22817672,2,1.0,1.0,4,4,True,True
22817672,3,0.8571428571428572,0.75,4,4,False,False
22817672,4,0.8571428571428572,0.75,4,4,False,False
18747356,1,0.6,0.5333333333333333,3,7,False,False
18747356,2,0.8181818181818181,0.75,3,8,False,False
18747356,3,0.7272727272727273,0.625,3,8,False,False
18747356,4,0.8181818181818181,0.75,3,8,False,False
90200935,1,1.0,1.0,4,4,True,True
90200935,2,1.0,1.0,4,4,True,True
90200935,3,1.0,1.0,4,4,True,True
90200935,4,1.0,1.0,4,4,True,True
90200935,5,1.0,1.0,4,4,True,True
14551179,1,0.9230769230769231,0.875,3,8,False,False
14551179,2,0.8461538461538461,0.75,3,8,False,False
14551179,3,0.8461538461538461,0.75,3,8,False,False
14551179,4,0.8461538461538461,0.75,3,8,False,False
24271097,1,1.0,1.0,2,3,True,True
24271097,2,1.0,1.0,2,3,True,True
24271097,3,1.0,1.0,2,3,True,True
24271097,4,1.0,1.0,2,3,True,True
24271097,5,1.0,1.0,2,3,True,True
98997281,1,1.0,1.0,1,3,True,True
98997281,2,1.0,1.0,1,3,True,True
98997281,3,1.0,1.0,1,3,True,True
98997281,4,1.0,1.0,1,3,True,True
98997281,5,1.0,1.0,1,3,True,True
98997281,6,1.0,1.0,1,3,True,True
98997281,7,1.0,1.0,1,3,True,True
98997281,8,1.0,1.0,1,3,True,True
98997281,9,1.0,1.0,1,3,True,True
10598182,1,0.675,0.8571428571428572,1,3,False,False
10598182,2,0.675,0.8571428571428572,1,3,False,False
10598182,3,0.675,0.8571428571428572,1,3,False,False
10598182,4,0.675,0.8571428571428572,1,3,False,False
10598182,5,0.675,0.8571428571428572,1,3,False,False
48797854,1,1.0,1.0,2,3,True,True
48797854,2,1.0,1.0,2,3,True,True
48797854,3,1.0,1.0,2,3,True,True
48797854,4,1.0,1.0,2,3,True,True
19544544,1,1.0,1.0,2,3,True,True
19544544,2,1.0,1.0,2,3,True,True
19544544,3,1.0,1.0,2,3,True,True
19544544,4,1.0,1.0,2,3,True,True
16103754,1,1.0,1.0,2,3,True,True
16103754,2,1.0,1.0,2,3,True,True
16103754,3,1.0,1.0,2,3,True,True
21611755,1,0.625,0.6,4,5,False,False
21611755,2,0.75,0.8,4,5,False,False
21611755,3,0.75,0.6,4,5,False,False
21611755,4,0.875,0.8,4,5,False,False
30542444,1,1.0,1.0,2,4,True,True
30542444,2,1.0,1.0,2,4,True,True
30542444,3,1.0,1.0,2,4,True,True
30542444,4,1.0,1.0,2,4,True,True
30542444,5,1.0,1.0,2,4,True,True
20187305,1,1.0,1.0,4,4,True,True
20187305,2,1.0,1.0,4,4,True,True
20187305,3,1.0,1.0,4,4,True,True
20187305,4,1.0,1.0,4,4,True,True
26867077,1,1.0,1.0,2,4,True,True
26867077,2,1.0,1.0,2,4,True,True
26867077,3,1.0,1.0,2,4,True,True
26867077,4,1.0,1.0,2,4,True,True
26011848,1,1.0,1.0,2,3,True,True
26011848,2,1.0,1.0,2,3,True,True
26011848,3,1.0,1.0,2,3,True,True
14284158,1,1.0,1.0,2,3,True,True
14284158,2,1.0,1.0,2,3,True,True
14284158,3,1.0,1.0,2,3,True,True
14284158,4,1.0,1.0,2,3,True,True
89507301,1,1.0,1.0,2,3,True,True
89507301,2,1.0,1.0,2,3,True,True
89507301,3,1.0,1.0,2,3,True,True
32845520,1,1.0,1.0,3,4,True,True
32845520,2,0.7142857142857143,0.75,3,4,False,False
32845520,3,1.0,1.0,3,4,True,True
32845520,4,0.8571428571428572,0.75,3,4,False,False
32933884,1,1.0,1.0,3,4,True,True
32933884,2,1.0,1.0,3,4,True,True
32933884,3,1.0,1.0,3,4,True,True
32933884,4,1.0,1.0,3,4,True,True
41866981,1,1.0,1.0,4,4,True,True
41866981,2,1.0,1.0,4,4,True,True
41866981,3,1.0,1.0,4,4,True,True
41866981,4,0.8571428571428572,0.75,4,4,False,False
21060240,1,0.8571428571428572,0.75,4,4,False,False
21060240,2,1.0,1.0,4,4,True,True
21060240,3,0.8571428571428572,0.75,4,4,False,False
21060240,4,0.8571428571428572,0.75,4,4,False,False
51432037,1,0.8571428571428572,0.75,4,4,False,False
51432037,2,1.0,1.0,4,4,True,True
51432037,3,0.8571428571428572,0.75,4,4,False,False
51432037,4,1.0,1.0,4,4,True,True
26936771,1,1.0,1.0,4,3,True,True
26936771,2,1.0,1.0,4,3,True,True
26936771,3,0.8571428571428572,0.6666666666666667,4,3,False,False
26936771,4,1.0,1.0,4,3,True,True
16939652,1,1.0,1.0,3,5,True,True
16939652,2,0.8333333333333334,0.8,3,5,False,False
16939652,3,0.8333333333333334,0.8,3,5,False,False
16939652,4,0.8333333333333334,0.8,3,5,False,False
37485843,1,1.0,1.0,2,3,True,True
37485843,2,1.0,1.0,2,3,True,True
37485843,3,1.0,1.0,2,3,True,True
24984443,1,1.0,1.0,2,5,True,True
24984443,2,0.8888888888888888,0.8,2,5,False,False
24984443,3,1.0,1.0,2,5,True,True
24984443,4,0.8888888888888888,0.8,2,5,False,False
21828988,1,1.0,1.0,3,4,True,True
21828988,2,1.0,1.0,3,4,True,True
21828988,3,1.0,1.0,3,4,True,True
21828988,4,1.0,1.0,3,4,True,True
21828988,5,1.0,1.0,3,4,True,True
21738561,1,1.0,1.0,2,4,True,True
21738561,2,1.0,1.0,2,4,True,True
21738561,3,1.0,1.0,2,4,True,True
10867142,1,0.8571428571428572,0.75,4,4,False,False
10867142,2,0.8571428571428572,0.75,4,4,False,False
10867142,3,0.8571428571428572,0.75,4,4,False,False
10867142,4,0.8571428571428572,0.75,4,4,False,False
22991334,1,1.0,1.0,2,4,True,True
22991334,2,1.0,1.0,2,4,True,True
22991334,3,0.8571428571428572,0.75,2,4,False,False
31590988,1,1.0,1.0,2,3,True,True
31590988,2,1.0,1.0,2,3,True,True
31590988,3,1.0,1.0,2,3,True,True
25827832,1,1.0,1.0,2,3,True,True
25827832,2,1.0,1.0,2,3,True,True
25827832,3,1.0,1.0,2,3,True,True
31456649,1,1.0,1.0,2,4,True,True
31456649,2,1.0,1.0,2,4,True,True
31456649,3,1.0,1.0,2,4,True,True
13938522,1,0.5,0.75,2,3,False,False
13938522,2,0.5,0.75,2,3,False,False
13938522,3,0.25,0.5,2,3,False,False
13938522,4,0.5,0.75,2,3,False,False
13938522,5,0.25,0.5,2,3,False,False
33446792,1,0.8571428571428572,0.75,4,4,False,False
33446792,2,1.0,1.0,4,4,True,True
33446792,3,0.8571428571428572,0.75,4,4,False,False
33446792,4,0.8571428571428572,0.75,4,4,False,False
13805853,1,1.0,1.0,2,3,True,True
13805853,2,1.0,1.0,2,3,True,True
16294640,1,1.0,1.0,4,3,True,True
16294640,2,1.0,1.0,4,3,True,True
16294640,3,1.0,1.0,4,3,True,True
16294640,4,0.8571428571428572,0.6666666666666667,4,3,False,False
19467957,1,1.0,1.0,2,4,True,True
19467957,2,1.0,1.0,2,4,True,True
19467957,3,1.0,1.0,2,4,True,True
31380443,1,0.8,0.8,2,2,False,False
31380443,2,0.6,0.4,2,2,False,False
24012000,1,0.8571428571428572,0.75,4,4,False,False
24012000,2,1.0,1.0,4,4,True,True
24012000,3,1.0,1.0,4,4,True,True
24012000,4,1.0,1.0,4,4,True,True
16660411,1,1.0,1.0,4,3,True,True
16660411,2,1.0,1.0,4,3,True,True
16660411,3,0.8333333333333334,0.6666666666666667,4,3,False,False
16660411,4,0.6666666666666667,0.6666666666666667,4,3,False,False
20323840,1,0.9,0.8333333333333334,3,6,False,False
20323840,2,0.9,0.8333333333333334,3,6,False,False
20323840,3,0.9,0.8333333333333334,3,6,False,False
20323840,4,0.9,0.8333333333333334,3,6,False,False
20323840,5,0.9,0.8333333333333334,3,6,False,False
79253895,1,1.0,1.0,2,3,True,True
79253895,2,1.0,1.0,2,3,True,True
79253895,3,1.0,1.0,2,3,True,True
16344207,1,1.0,1.0,1,2,True,True
16344207,2,1.0,1.0,1,2,True,True
16344207,3,1.0,1.0,1,2,True,True
17004658,1,1.0,1.0,3,3,True,True
17004658,2,1.0,1.0,3,3,True,True
17004658,3,1.0,1.0,3,3,True,True
23219194,1,1.0,1.0,2,4,True,True
23219194,2,1.0,1.0,2,4,True,True
23219194,3,1.0,1.0,2,4,True,True
23219194,4,1.0,1.0,2,4,True,True
23219194,5,1.0,1.0,2,4,True,True
16964342,1,1.0,1.0,4,3,True,True
16964342,2,0.8333333333333334,0.6666666666666667,4,3,False,False
16964342,3,1.0,1.0,4,3,True,True
16964342,4,0.8333333333333334,0.6666666666666667,4,3,False,False
91036230,1,0.8571428571428572,0.75,3,4,False,False
91036230,2,0.8571428571428572,0.75,3,4,False,False
91036230,3,1.0,1.0,3,4,True,True
91036230,4,0.8571428571428572,0.75,3,4,False,False
25122938,1,1.0,1.0,3,3,True,True
25122938,2,1.0,1.0,3,3,True,True
25122938,3,0.8333333333333334,0.6666666666666667,3,3,False,False
11085000,1,1.0,1.0,2,4,True,True
11085000,2,1.0,1.0,2,4,True,True
11085000,3,0.8571428571428572,0.75,2,4,False,False
11085000,4,1.0,1.0,2,4,True,True
11085000,5,0.8571428571428572,0.75,2,4,False,False
14789834,1,1.0,1.0,3,6,True,True
14789834,2,1.0,1.0,3,6,True,True
14789834,3,1.0,1.0,3,6,True,True
14789834,4,1.0,1.0,3,6,True,True
14789834,5,1.0,1.0,3,6,True,True
14789834,6,1.0,1.0,3,6,True,True
78344337,1,0.8571428571428572,0.75,2,4,False,False
78344337,2,0.8571428571428572,0.75,2,4,False,False
78344337,3,0.8571428571428572,0.75,2,4,False,False
78344337,4,0.8571428571428572,0.75,2,4,False,False
78344337,5,0.8571428571428572,0.75,2,4,False,False
27310813,1,1.0,1.0,3,5,True,True
27310813,2,1.0,1.0,3,5,True,True
27310813,3,1.0,1.0,3,5,True,True
27310813,4,1.0,1.0,3,5,True,True
78630559,1,1.0,1.0,4,4,True,True
78630559,2,0.8571428571428572,0.75,4,4,False,False
78630559,3,1.0,1.0,4,4,True,True
78630559,4,0.8571428571428572,0.75,4,4,False,False
20384326,1,1.0,1.0,2,4,True,True
20384326,2,1.0,1.0,2,4,True,True
20384326,3,1.0,1.0,2,4,True,True
20384326,4,1.0,1.0,2,4,True,True
19738017,1,1.0,1.0,2,3,True,True
19738017,2,1.0,1.0,2,3,True,True
19738017,3,1.0,1.0,2,3,True,True
22807274,1,1.0,1.0,3,4,True,True
22807274,2,1.0,1.0,3,4,True,True
22807274,3,0.8571428571428572,0.75,3,4,False,False
22807274,4,1.0,1.0,3,4,True,True
14738929,1,1.0,1.0,2,4,True,True
14738929,2,1.0,1.0,2,4,True,True
14738929,3,1.0,1.0,2,4,True,True
14738929,4,1.0,1.0,2,4,True,True
14738929,5,1.0,1.0,2,4,True,True
17902865,1,1.0,1.0,3,3,True,True
17902865,2,1.0,1.0,3,3,True,True
17902865,3,1.0,1.0,3,3,True,True
14087939,1,1.0,1.0,4,4,True,True
14087939,2,1.0,1.0,4,4,True,True
14087939,3,0.8571428571428572,0.75,4,4,False,False
14087939,4,0.8571428571428572,0.75,4,4,False,False
28219585,1,0.7083333333333334,0.8571428571428572,5,6,False,False
28219585,2,0.5902777777777778,0.7142857142857143,5,6,False,False
28219585,3,0.5902777777777778,0.7142857142857143,5,6,False,False
28219585,4,0.5902777777777778,0.7142857142857143,5,6,False,False
28219585,5,0.5902777777777778,0.7142857142857143,5,6,False,False
30422289,1,1.0,1.0,2,3,True,True
30422289,2,1.0,1.0,2,3,True,True
30422289,3,0.8333333333333334,0.6666666666666667,2,3,False,False
30422289,4,1.0,1.0,2,3,True,True
30422289,5,0.8333333333333334,0.6666666666666667,2,3,False,False
63302579,1,1.0,1.0,4,4,True,True
63302579,2,1.0,1.0,4,4,True,True
63302579,3,0.875,0.75,4,4,False,False
63302579,4,1.0,1.0,4,4,True,True
22291878,1,1.0,1.0,2,3,True,True
22291878,2,1.0,1.0,2,3,True,True
22291878,3,1.0,1.0,2,3,True,True
19419954,1,1.0,1.0,4,4,True,True
19419954,2,1.0,1.0,4,4,True,True
19419954,3,0.8571428571428572,0.75,4,4,False,False
19419954,4,0.7142857142857143,0.75,4,4,False,False
15215274,1,0.875,0.8888888888888888,3,4,False,False
15215274,2,0.875,0.8888888888888888,3,4,False,False
15215274,3,0.75,0.6666666666666667,3,4,False,False
15215274,4,0.875,0.8888888888888888,3,4,False,False
11690244,1,1.0,1.0,4,4,True,True
11690244,2,1.0,1.0,4,4,True,True
11690244,3,0.8571428571428572,0.75,4,4,False,False
11690244,4,1.0,1.0,4,4,True,True
58364206,1,1.0,1.0,3,5,True,True
58364206,2,0.875,0.8,3,5,False,False
58364206,3,1.0,1.0,3,5,True,True
58364206,4,1.0,1.0,3,5,True,True
13411703,1,0.9,0.8333333333333334,4,6,False,False
13411703,2,0.9,0.8333333333333334,4,6,False,False
13411703,3,1.0,1.0,4,6,True,True
13411703,4,0.9,0.8333333333333334,4,6,False,False
13411703,5,0.9,0.8333333333333334,4,6,False,False
32440864,1,0.8571428571428572,0.75,3,4,False,False
32440864,2,1.0,1.0,3,4,True,True
32440864,3,1.0,1.0,3,4,True,True
32440864,4,1.0,1.0,3,4,True,True
16821206,1,1.0,1.0,2,4,True,True
16821206,2,1.0,1.0,2,4,True,True
16821206,3,1.0,1.0,2,4,True,True
16271492,1,1.0,1.0,3,6,True,True
16271492,2,0.8888888888888888,0.8333333333333334,3,6,False,False
16271492,3,1.0,1.0,3,6,True,True
16271492,4,0.8888888888888888,0.8333333333333334,3,6,False,False
16271492,5,1.0,1.0,3,6,True,True
23452089,1,1.0,1.0,1,2,True,True
23452089,2,1.0,1.0,1,2,True,True
23452089,3,1.0,1.0,1,2,True,True
15649012,1,1.0,1.0,3,4,True,True
15649012,2,1.0,1.0,3,4,True,True
15649012,3,0.8571428571428572,0.75,3,4,False,False
15649012,4,1.0,1.0,3,4,True,True
15649012,5,1.0,1.0,3,4,True,True
22232379,1,1.0,1.0,1,4,True,True
22232379,2,1.0,1.0,1,4,True,True
22232379,3,1.0,1.0,1,4,True,True
22232379,4,1.0,1.0,1,4,True,True
22232379,5,1.0,1.0,1,4,True,True
22232379,6,1.0,1.0,1,4,True,True
22232379,7,1.0,1.0,1,4,True,True
22232379,8,1.0,1.0,1,4,True,True
22232379,9,1.0,1.0,1,4,True,True
60318299,1,0.75,0.5,4,4,False,False
60318299,2,0.875,0.75,4,4,False,False
60318299,3,0.875,0.75,4,4,False,False
60318299,4,0.75,0.5,4,4,False,False
31434931,1,1.0,1.0,3,3,True,True
31434931,2,1.0,1.0,3,3,True,True
31434931,3,1.0,1.0,3,3,True,True
31434931,4,1.0,1.0,3,3,True,True
30148376,1,1.0,1.0,3,4,True,True
30148376,2,1.0,1.0,3,4,True,True
30148376,3,1.0,1.0,3,4,True,True
30148376,4,1.0,1.0,3,4,True,True
22751411,1,1.0,1.0,3,4,True,True
22751411,2,0.8571428571428572,0.75,3,4,False,False
22751411,3,0.8571428571428572,0.75,3,4,False,False
22751411,4,1.0,1.0,3,4,True,True
17457368,1,1.0,1.0,2,3,True,True
17457368,2,1.0,1.0,2,3,True,True
17457368,3,1.0,1.0,2,3,True,True
17457368,4,1.0,1.0,2,3,True,True
22160748,1,1.0,1.0,4,3,True,True
22160748,2,1.0,1.0,4,3,True,True
22160748,3,0.8333333333333334,0.6666666666666667,4,3,False,False
22160748,4,0.8333333333333334,0.6666666666666667,4,3,False,False
25530001,1,1.0,1.0,2,4,True,True
25530001,2,1.0,1.0,2,4,True,True
25530001,3,1.0,1.0,2,4,True,True
25530001,4,1.0,1.0,2,4,True,True
20317250,1,1.0,1.0,2,3,True,True
20317250,2,1.0,1.0,2,3,True,True
20317250,3,1.0,1.0,2,3,True,True
33030699,1,1.0,1.0,2,6,True,True
33030699,2,1.0,1.0,2,6,True,True
33030699,3,0.8888888888888888,0.8333333333333334,2,6,False,False
33030699,4,0.8888888888888888,0.8333333333333334,2,6,False,False
25316827,1,1.0,1.0,2,4,True,True
25316827,2,1.0,1.0,2,4,True,True
25316827,3,1.0,1.0,2,4,True,True
25316827,4,1.0,1.0,2,4,True,True
70510937,1,1.0,1.0,3,3,True,True
70510937,2,1.0,1.0,3,3,True,True
70510937,3,1.0,1.0,3,3,True,True
17404615,1,1.0,1.0,3,3,True,True
17404615,2,1.0,1.0,3,3,True,True
17404615,3,0.8333333333333334,0.6666666666666667,3,3,False,False
17404615,4,1.0,1.0,3,3,True,True
84463175,1,1.0,1.0,2,3,True,True
84463175,2,1.0,1.0,2,3,True,True
84463175,3,1.0,1.0,2,3,True,True
84463175,4,1.0,1.0,2,3,True,True
13889966,1,1.0,1.0,2,3,True,True
13889966,2,1.0,1.0,2,3,True,True
25879377,1,1.0,1.0,4,4,True,True
25879377,2,1.0,1.0,4,4,True,True
25879377,3,1.0,1.0,4,4,True,True
25879377,4,1.0,1.0,4,4,True,True
25300845,1,1.0,1.0,4,3,True,True
25300845,2,1.0,1.0,4,3,True,True
25300845,3,0.8571428571428572,0.6666666666666667,4,3,False,False
25300845,4,1.0,1.0,4,3,True,True
22746397,1,1.0,1.0,4,4,True,True
22746397,2,1.0,1.0,4,4,True,True
22746397,3,1.0,1.0,4,4,True,True
22746397,4,1.0,1.0,4,4,True,True
22746397,5,1.0,1.0,4,4,True,True
21131990,1,1.0,1.0,4,4,True,True
21131990,2,1.0,1.0,4,4,True,True
21131990,3,1.0,1.0,4,4,True,True
21131990,4,1.0,1.0,4,4,True,True
12682645,1,0.8571428571428572,0.75,3,4,False,False
12682645,2,0.8571428571428572,0.75,3,4,False,False
12682645,3,0.8571428571428572,0.75,3,4,False,False
12682645,4,0.8571428571428572,0.75,3,4,False,False
21449070,1,0.8571428571428572,0.75,3,4,False,False
21449070,2,0.8571428571428572,0.75,3,4,False,False
21449070,3,0.8571428571428572,0.75,3,4,False,False
21449070,4,1.0,1.0,3,4,True,True
23583789,1,1.0,1.0,1,4,True,True
23583789,2,1.0,1.0,1,4,True,True
23583789,3,1.0,1.0,1,4,True,True
23583789,4,1.0,1.0,1,4,True,True
23583789,5,1.0,1.0,1,4,True,True
23583789,6,1.0,1.0,1,4,True,True
23583789,7,1.0,1.0,1,4,True,True
33381980,1,1.0,1.0,3,6,True,True
33381980,2,1.0,1.0,3,6,True,True
33381980,3,1.0,1.0,3,6,True,True
33381980,4,0.9,0.8333333333333334,3,6,False,False
14531879,1,0.8571428571428572,0.75,4,4,False,False
14531879,2,1.0,1.0,4,4,True,True
14531879,3,0.8571428571428572,0.75,4,4,False,False
14531879,4,1.0,1.0,4,4,True,True
15191895,1,1.0,1.0,2,3,True,True
15191895,2,0.8333333333333334,0.6666666666666667,2,3,False,False
15191895,3,1.0,1.0,2,3,True,True
15191895,4,1.0,1.0,2,3,True,True
16994185,1,0.8571428571428572,0.75,3,4,False,False
16994185,2,0.8571428571428572,0.75,3,4,False,False
16994185,3,0.7142857142857143,0.75,3,4,False,False
16994185,4,0.8571428571428572,0.75,3,4,False,False
16994185,5,0.7142857142857143,0.75,3,4,False,False
16994185,6,0.8571428571428572,0.75,3,4,False,False
16994185,7,0.7142857142857143,0.75,3,4,False,False
92103059,1,1.0,1.0,1,5,True,True
92103059,2,1.0,1.0,1,5,True,True
92103059,3,1.0,1.0,1,5,True,True
92103059,4,1.0,1.0,1,5,True,True
92103059,5,1.0,1.0,1,5,True,True
92103059,6,1.0,1.0,1,5,True,True
92103059,7,1.0,1.0,1,5,True,True
29115638,1,1.0,1.0,3,4,True,True
29115638,2,1.0,1.0,3,4,True,True
29115638,3,1.0,1.0,3,4,True,True
49012145,1,1.0,1.0,2,3,True,True
49012145,2,1.0,1.0,2,3,True,True
49012145,3,1.0,1.0,2,3,True,True
13096921,1,1.0,1.0,2,3,True,True
13096921,2,1.0,1.0,2,3,True,True
31155403,1,0.8888888888888888,0.8333333333333334,2,6,False,False
31155403,2,1.0,1.0,2,6,True,True
31155403,3,0.8888888888888888,0.8333333333333334,2,6,False,False
31155403,4,1.0,1.0,2,6,True,True
19732630,1,1.0,1.0,2,4,True,True
19732630,2,0.8,0.75,2,4,False,False
19732630,3,1.0,1.0,2,4,True,True
19732630,4,1.0,1.0,2,4,True,True
26392764,1,1.0,1.0,4,4,True,True
26392764,2,1.0,1.0,4,4,True,True
26392764,3,1.0,1.0,4,4,True,True
26392764,4,0.875,0.75,4,4,False,False
26392764,5,1.0,1.0,4,4,True,True
29430318,1,1.0,1.0,2,3,True,True
29430318,2,1.0,1.0,2,3,True,True
14470545,1,1.0,1.0,3,4,True,True
14470545,2,1.0,1.0,3,4,True,True
14470545,3,1.0,1.0,3,4,True,True
14470545,4,0.8571428571428572,0.75,3,4,False,False
14470545,5,1.0,1.0,3,4,True,True
31707871,1,1.0,1.0,2,4,True,True
31707871,2,1.0,1.0,2,4,True,True
31707871,3,1.0,1.0,2,4,True,True
31707871,4,1.0,1.0,2,4,True,True
26461454,1,1.0,1.0,3,3,True,True
26461454,2,1.0,1.0,3,3,True,True
26461454,3,1.0,1.0,3,3,True,True
26461454,4,0.8333333333333334,0.6666666666666667,3,3,False,False
30086392,1,1.0,1.0,2,4,True,True
30086392,2,1.0,1.0,2,4,True,True
30086392,3,1.0,1.0,2,4,True,True
30086392,4,1.0,1.0,2,4,True,True
28919479,1,1.0,1.0,2,4,True,True
28919479,2,1.0,1.0,2,4,True,True
28919479,3,1.0,1.0,2,4,True,True
28842243,1,1.0,1.0,3,4,True,True
28842243,2,0.8571428571428572,0.75,3,4,False,False
28842243,3,1.0,1.0,3,4,True,True
28842243,4,0.8571428571428572,0.75,3,4,False,False
30055140,1,0.8571428571428572,0.75,4,4,False,False
30055140,2,1.0,1.0,4,4,True,True
30055140,3,0.8571428571428572,0.75,4,4,False,False
30055140,4,1.0,1.0,4,4,True,True
15077429,1,1.0,1.0,3,4,True,True
15077429,2,1.0,1.0,3,4,True,True
15077429,3,1.0,1.0,3,4,True,True
15077429,4,1.0,1.0,3,4,True,True
93010216,1,1.0,1.0,2,3,True,True
93010216,2,1.0,1.0,2,3,True,True
93010216,3,1.0,1.0,2,3,True,True
17470699,1,0.8,0.6666666666666667,5,6,False,False
17470699,2,0.8,0.6666666666666667,5,6,False,False
17470699,3,0.9,0.8333333333333334,5,6,False,False
17470699,4,0.9,0.6666666666666667,5,6,False,False
17470699,5,0.9,0.8333333333333334,5,6,False,False
27529736,1,1.0,1.0,5,4,True,True
27529736,2,1.0,1.0,5,4,True,True
27529736,3,1.0,1.0,5,4,True,True
27529736,4,1.0,1.0,5,4,True,True
27529736,5,1.0,1.0,5,4,True,True
14868473,1,0.6349206349206349,0.7142857142857143,1,5,False,False
14868473,2,0.6349206349206349,0.7142857142857143,1,5,False,False
14868473,3,0.6349206349206349,0.7142857142857143,1,5,False,False
14868473,4,0.6349206349206349,0.7142857142857143,1,5,False,False
14868473,5,0.6349206349206349,0.7142857142857143,1,5,False,False
14868473,6,0.6349206349206349,0.7142857142857143,1,5,False,False
14868473,7,0.6349206349206349,0.7142857142857143,1,5,False,False
36677025,1,1.0,1.0,4,4,True,True
36677025,2,1.0,1.0,4,4,True,True
36677025,3,0.8571428571428572,0.75,4,4,False,False
36677025,4,1.0,1.0,4,4,True,True
64724677,1,1.0,1.0,2,4,True,True
64724677,2,1.0,1.0,2,4,True,True
64724677,3,1.0,1.0,2,4,True,True
24173977,1,1.0,1.0,3,4,True,True
24173977,2,1.0,1.0,3,4,True,True
24173977,3,1.0,1.0,3,4,True,True
24173977,4,1.0,1.0,3,4,True,True
33125664,1,1.0,1.0,2,3,True,True
33125664,2,1.0,1.0,2,3,True,True
33125664,3,1.0,1.0,2,3,True,True
33125664,4,1.0,1.0,2,3,True,True
19035461,1,0.9,0.8333333333333334,3,6,False,False
19035461,2,0.9,0.8333333333333334,3,6,False,False
19035461,3,0.9,0.8333333333333334,3,6,False,False
19035461,4,0.9,0.8333333333333334,3,6,False,False
24773982,1,1.0,1.0,3,4,True,True
24773982,2,1.0,1.0,3,4,True,True
24773982,3,1.0,1.0,3,4,True,True
24773982,4,1.0,1.0,3,4,True,True
24773982,5,1.0,1.0,3,4,True,True
32750718,1,1.0,1.0,2,4,True,True
32750718,2,1.0,1.0,2,4,True,True
32750718,3,1.0,1.0,2,4,True,True
25895885,1,1.0,1.0,2,4,True,True
25895885,2,1.0,1.0,2,4,True,True
25895885,3,1.0,1.0,2,4,True,True
24053280,1,1.0,1.0,3,4,True,True
24053280,2,1.0,1.0,3,4,True,True
24053280,3,1.0,1.0,3,4,True,True
52198592,1,1.0,1.0,2,3,True,True
52198592,2,1.0,1.0,2,3,True,True
52198592,3,1.0,1.0,2,3,True,True
24271556,1,1.0,1.0,3,4,True,True
24271556,2,1.0,1.0,3,4,True,True
24271556,3,1.0,1.0,3,4,True,True
24271556,4,1.0,1.0,3,4,True,True
27949356,1,1.0,1.0,2,3,True,True
27949356,2,1.0,1.0,2,3,True,True
27949356,3,1.0,1.0,2,3,True,True
26159720,1,1.0,1.0,3,4,True,True
26159720,2,1.0,1.0,3,4,True,True
26159720,3,1.0,1.0,3,4,True,True
26159720,4,1.0,1.0,3,4,True,True
16089833,1,1.0,1.0,4,4,True,True
16089833,2,1.0,1.0,4,4,True,True
16089833,3,1.0,1.0,4,4,True,True
16089833,4,1.0,1.0,4,4,True,True
44761057,1,1.0,1.0,1,3,True,True
44761057,2,1.0,1.0,1,3,True,True
44761057,3,1.0,1.0,1,3,True,True
44761057,4,1.0,1.0,1,3,True,True
44761057,5,1.0,1.0,1,3,True,True
20788083,1,1.0,1.0,3,4,True,True
20788083,2,1.0,1.0,3,4,True,True
20788083,3,0.8571428571428572,0.75,3,4,False,False
20788083,4,1.0,1.0,3,4,True,True
10470289,1,1.0,1.0,3,4,True,True
10470289,2,1.0,1.0,3,4,True,True
10470289,3,1.0,1.0,3,4,True,True
10470289,4,1.0,1.0,3,4,True,True
10470289,5,1.0,1.0,3,4,True,True
33153230,1,0.8571428571428572,0.75,4,4,False,False
33153230,2,0.8571428571428572,0.75,4,4,False,False
33153230,3,0.7142857142857143,0.75,4,4,False,False
33153230,4,0.8571428571428572,0.75,4,4,False,False
33340135,1,1.0,1.0,4,5,True,True
33340135,2,1.0,1.0,4,5,True,True
33340135,3,1.0,1.0,4,5,True,True
33340135,4,1.0,1.0,4,5,True,True
33340135,5,1.0,1.0,4,5,True,True
20974605,1,1.0,1.0,3,4,True,True
20974605,2,1.0,1.0,3,4,True,True
20974605,3,1.0,1.0,3,4,True,True
20974605,4,1.0,1.0,3,4,True,True
21494947,1,0.9,0.7142857142857143,3,7,False,False
21494947,2,0.9,0.7142857142857143,3,7,False,False
21494947,3,0.9,0.8571428571428572,3,7,False,False
21494947,4,0.9,0.7142857142857143,3,7,False,False
21815790,1,1.0,1.0,3,3,True,True
21815790,2,1.0,1.0,3,3,True,True
21815790,3,1.0,1.0,3,3,True,True
21815790,4,1.0,1.0,3,3,True,True
11517294,1,1.0,1.0,3,4,True,True
11517294,2,1.0,1.0,3,4,True,True
11517294,3,0.8571428571428572,0.75,3,4,False,False
11517294,4,1.0,1.0,3,4,True,True
30154358,1,1.0,1.0,2,3,True,True
30154358,2,1.0,1.0,2,3,True,True
30154358,3,1.0,1.0,2,3,True,True
59617358,1,1.0,1.0,5,5,True,True
59617358,2,1.0,1.0,5,5,True,True
59617358,3,1.0,1.0,5,5,True,True
59617358,4,1.0,1.0,5,5,True,True
59617358,5,0.8888888888888888,0.8,5,5,False,False
35125517,1,1.0,1.0,2,3,True,True
35125517,2,1.0,1.0,2,3,True,True
35125517,3,1.0,1.0,2,3,True,True
13139218,1,1.0,1.0,2,3,True,True
13139218,2,1.0,1.0,2,3,True,True
13139218,3,1.0,1.0,2,3,True,True
32426140,1,1.0,1.0,2,2,True,True
32426140,2,1.0,1.0,2,2,True,True
26187047,1,0.8571428571428572,0.75,3,4,False,False
26187047,2,0.8571428571428572,0.75,3,4,False,False
26187047,3,1.0,1.0,3,4,True,True
26187047,4,0.8571428571428572,0.75,3,4,False,False
66452793,1,1.0,1.0,5,4,True,True
66452793,2,1.0,1.0,5,4,True,True
66452793,3,0.8571428571428572,0.75,5,4,False,False
66452793,4,1.0,1.0,5,4,True,True
66452793,5,0.7142857142857143,0.5,5,4,False,False
30398383,1,0.7333333333333334,0.8888888888888888,1,4,False,False
30398383,2,0.7333333333333334,0.8888888888888888,1,4,False,False
30398383,3,0.7333333333333334,0.8888888888888888,1,4,False,False
30398383,4,0.7333333333333334,0.8888888888888888,1,4,False,False
30398383,5,0.7333333333333334,0.8888888888888888,1,4,False,False
30398383,6,0.7333333333333334,0.8888888888888888,1,4,False,False
30398383,7,0.7333333333333334,0.8888888888888888,1,4,False,False
30398383,8,0.7333333333333334,0.8888888888888888,1,4,False,False
30398383,9,0.7333333333333334,0.8888888888888888,1,4,False,False
32944665,1,1.0,1.0,4,3,True,True
32944665,2,1.0,1.0,4,3,True,True
32944665,3,0.8333333333333334,0.6666666666666667,4,3,False,False
32944665,4,0.8333333333333334,0.6666666666666667,4,3,False,False
25623465,1,0.8333333333333334,0.8,3,5,False,False
25623465,2,1.0,1.0,3,5,True,True
25623465,3,0.8333333333333334,0.8,3,5,False,False
25623465,4,0.8333333333333334,0.8,3,5,False,False
25623465,5,1.0,1.0,3,5,True,True
12191611,1,1.0,1.0,3,4,True,True
12191611,2,1.0,1.0,3,4,True,True
12191611,3,0.8571428571428572,0.75,3,4,False,False
12191611,4,1.0,1.0,3,4,True,True
20717412,1,1.0,1.0,3,4,True,True
20717412,2,1.0,1.0,3,4,True,True
20717412,3,1.0,1.0,3,4,True,True
20717412,4,1.0,1.0,3,4,True,True
20717412,5,1.0,1.0,3,4,True,True
25217205,1,1.0,1.0,2,3,True,True
25217205,2,1.0,1.0,2,3,True,True
23508450,1,1.0,1.0,2,4,True,True
23508450,2,1.0,1.0,2,4,True,True
23508450,3,1.0,1.0,2,4,True,True
27958462,1,1.0,1.0,2,3,True,True
27958462,2,1.0,1.0,2,3,True,True
27958462,3,1.0,1.0,2,3,True,True
27958462,4,1.0,1.0,2,3,True,True
26269578,1,1.0,1.0,3,4,True,True
26269578,2,1.0,1.0,3,4,True,True
26269578,3,1.0,1.0,3,4,True,True
26269578,4,1.0,1.0,3,4,True,True
30679212,1,1.0,1.0,1,3,True,True
30679212,2,1.0,1.0,1,3,True,True
30679212,3,1.0,1.0,1,3,True,True
30679212,4,1.0,1.0,1,3,True,True
30679212,5,1.0,1.0,1,3,True,True
30679212,6,1.0,1.0,1,3,True,True
30679212,7,1.0,1.0,1,3,True,True
30679212,8,1.0,1.0,1,3,True,True
30679212,9,1.0,1.0,1,3,True,True
30679212,10,1.0,1.0,1,3,True,True
30679212,11,1.0,1.0,1,3,True,True
24902388,1,1.0,1.0,3,4,True,True
24902388,2,1.0,1.0,3,4,True,True
24902388,3,1.0,1.0,3,4,True,True
24902388,4,1.0,1.0,3,4,True,True
97783628,1,1.0,1.0,2,3,True,True
97783628,2,1.0,1.0,2,3,True,True
97783628,3,1.0,1.0,2,3,True,True
97783628,4,1.0,1.0,2,3,True,True
97783628,5,1.0,1.0,2,3,True,True
22549398,1,1.0,1.0,4,4,True,True
22549398,2,1.0,1.0,4,4,True,True
22549398,3,1.0,1.0,4,4,True,True
22549398,4,1.0,1.0,4,4,True,True
14281432,1,1.0,1.0,2,4,True,True
14281432,2,1.0,1.0,2,4,True,True
14281432,3,1.0,1.0,2,4,True,True
14281432,4,1.0,1.0,2,4,True,True
15187980,1,0.8333333333333334,0.8,2,5,False,False
15187980,2,0.8333333333333334,0.8,2,5,False,False
15187980,3,0.8333333333333334,0.8,2,5,False,False
15187980,4,0.8333333333333334,0.8,2,5,False,False
57308810,1,1.0,1.0,3,4,True,True
57308810,2,1.0,1.0,3,4,True,True
57308810,3,1.0,1.0,3,4,True,True
57308810,4,1.0,1.0,3,4,True,True
57308810,5,1.0,1.0,3,4,True,True
18197804,1,1.0,1.0,2,3,True,True
18197804,2,0.8333333333333334,0.6666666666666667,2,3,False,False
18197804,3,1.0,1.0,2,3,True,True
18197804,4,0.8333333333333334,0.6666666666666667,2,3,False,False
19082414,1,1.0,1.0,2,4,True,True
19082414,2,1.0,1.0,2,4,True,True
19082414,3,1.0,1.0,2,4,True,True
41179472,1,1.0,1.0,1,2,True,True
41179472,2,1.0,1.0,1,2,True,True
41179472,3,1.0,1.0,1,2,True,True
41179472,4,1.0,1.0,1,2,True,True
41179472,5,1.0,1.0,1,2,True,True
31599319,1,0.8571428571428572,0.75,4,4,False,False
31599319,2,0.8571428571428572,0.75,4,4,False,False
31599319,3,0.8571428571428572,0.75,4,4,False,False
31599319,4,0.8571428571428572,0.75,4,4,False,False
24622789,1,1.0,1.0,4,3,True,True
24622789,2,1.0,1.0,4,3,True,True
24622789,3,0.8571428571428572,0.6666666666666667,4,3,False,False
24622789,4,1.0,1.0,4,3,True,True
31424785,1,1.0,1.0,1,3,True,True
31424785,2,1.0,1.0,1,3,True,True
31424785,3,1.0,1.0,1,3,True,True
31424785,4,1.0,1.0,1,3,True,True
31424785,5,1.0,1.0,1,3,True,True
19048020,1,1.0,1.0,2,3,True,True
19048020,2,1.0,1.0,2,3,True,True
19048020,3,1.0,1.0,2,3,True,True
19048020,4,1.0,1.0,2,3,True,True
